CSF1PO,7,7a,AGATAGATAGATAGATAGATAGATAGAT
CSF1PO,8,8a,AGATAGATAGATAGATAGATAGATAGATAGAT
CSF1PO,9,9a,AGATAGATAGATAGATAGATAGATAGATAGATAGAT
CSF1PO,10,10a,AGATAGATAGATAGATAGATAGATAGATAGATAGATAGAT
CSF1PO,11,11a,AGATAGATAGATAGATAGATAGATAGATAGATAGATAGATAGAT
CSF1PO,12,12a,AGATAGATAGATAGATAGATAGATAGATAGATAGATAGATAGATAGAT
CSF1PO,12,12b,AGATAGATAGATAGATAGATAGATAGACAGATAGATAGATAGATAGAT
CSF1PO,13,13a,AGATAGATAGATAGATAGATAGATAGATAGATAGATAGATAGATAGATAGAT
CSF1PO,14,14a,AGATAGATAGATAGATAGATAGATAGATAGATAGATAGATAGATAGATAGATAGAT
CSF1PO,15,15a,AGATAGATAGATAGATAGATAGATAGATAGATAGATAGATAGATAGATAGATAGATAGAT
D10S1248,11,11a,GGAAGGAAGGAAGGAAGGAAGGAAGGAAGGAAGGAAGGAAGGAA
D10S1248,12,12a,GGAAGGAAGGAAGGAAGGAAGGAAGGAAGGAAGGAAGGAAGGAAGGAA
D10S1248,13,13a,GGAAGGAAGGAAGGAAGGAAGGAAGGAAGGAAGGAAGGAAGGAAGGAAGGAA
D10S1248,14,14a,GGAAGGAAGGAAGGAAGGAAGGAAGGAAGGAAGGAAGGAAGGAAGGAAGGAAGGAA
D10S1248,14,14b,GGAAGGAAGGAAGGAAGGAAGGAAGTAAGGAAGGAAGGAAGGAAGGAAGGAAGGAA
D10S1248,15,15a,GGAAGGAAGGAAGGAAGGAAGGAAGGAAGGAAGGAAGGAAGGAAGGAAGGAAGGAAGGAA
D10S1248,16,16a,GGAAGGAAGGAAGGAAGGAAGGAAGGAAGGAAGGAAGGAAGGAAGGAAGGAAGGAAGGAAGGAA
D10S1248,17,17a,GGAAGGAAGGAAGGAAGGAAGGAAGGAAGGAAGGAAGGAAGGAAGGAAGGAAGGAAGGAAGGAAGGAA
D10S1248,18,18a,GGAAGGAAGGAAGGAAGGAAGGAAGGAAGGAAGGAAGGAAGGAAGGAAGGAAGGAAGGAAGGAAGGAAGGAA
D12S391,14,14b,AGATAGATAGATAGATAGATAGATAGATAGACAGACAGACAGACAGACAGACAGAT
D12S391,15,15a,AGATAGATAGATAGATAGATAGATAGATAGATAGATAGACAGACAGACAGACAGACAGAT
D12S391,15,15b,AGATAGATAGATAGATAGATAGATAGATAGATAGACAGACAGACAGACAGACAGACAGAT
D12S391,16,16a,AGATAGATAGATAGATAGATAGATAGATAGATAGATAGATAGACAGACAGACAGACAGACAGAT
D12S391,16,16b,AGATAGATAGATAGATAGATAGATAGATAGATAGATAGACAGACAGACAGACAGACAGACAGAT
D12S391,16,16c,AGATAGATAGATAGATAGATAGATAGATAGATAGACAGACAGACAGACAGACAGACAGACAGAT
D12S391,17,17a,AGATAGATAGATAGATAGATAGATAGATAGATAGATAGATAGATAGACAGACAGACAGACAGACAGAT
D12S391,17,17b,AGATAGATAGATAGATAGATAGATAGATAGATAGATAGATAGACAGACAGACAGACAGACAGACAGAT
D12S391,17,17c,AGATAGATAGATAGATAGATAGATAGATAGATAGATAGACAGACAGACAGACAGACAGACAGACAGAT
D12S391,17,17l,AGATAGATAGATAGATAGATAGATAGATAGATAGATAGATAGACAGACAGACAGACAGACAGACAGAC
D12S391,17,17n,AGATAGATAGATAGATAGATAGATAGATAGATAGATAGATAGATAGATAGACAGACAGACAGACAGAT
D12S391,17.1,17.1o,AGATTAGATAGATAGATAGATAGATAGATAGATAGATAGATAGACAGACAGACAGACAGACAGACAGAT
D12S391,17.3,17.3j,AGATGATAGATAGATAGATAGATAGATAGATAGATAGATAGACAGACAGACAGACAGACAGACAGACAGAT
D12S391,18,18a,AGATAGATAGATAGATAGATAGATAGATAGATAGATAGATAGATAGATAGACAGACAGACAGACAGACAGAT
D12S391,18,18b,AGATAGATAGATAGATAGATAGATAGATAGATAGATAGATAGATAGACAGACAGACAGACAGACAGACAGAT
D12S391,18,18c,AGATAGATAGATAGATAGATAGATAGATAGATAGATAGATAGACAGACAGACAGACAGACAGACAGACAGAT
D12S391,18,18d,AGATAGATAGATAGATAGATAGATAGATAGATAGATAGACAGACAGACAGACAGACAGACAGACAGACAGAT
D12S391,18,18n,AGATAGATAGATAGATAGATAGATAGATAGATAGATAGATAGATAGATAGATAGACAGACAGACAGACAGAT
D12S391,18.3,18.3j,AGATGATAGATAGATAGATAGATAGATAGATAGATAGATAGATAGACAGACAGACAGACAGACAGACAGACAGAT
D12S391,18.3,18.3p,AGATAGATAGATAGATAGATAGATGATAGATAGATAGATAGATAGATAGACAGACAGACAGACAGACAGACAGAT
D12S391,19,19a,AGATAGATAGATAGATAGATAGATAGATAGATAGATAGATAGATAGATAGATAGACAGACAGACAGACAGACAGAT
D12S391,19,19b,AGATAGATAGATAGATAGATAGATAGATAGATAGATAGATAGATAGATAGACAGACAGACAGACAGACAGACAGAT
D12S391,19,19c,AGATAGATAGATAGATAGATAGATAGATAGATAGATAGATAGATAGACAGACAGACAGACAGACAGACAGACAGAT
D12S391,19,19d,AGATAGATAGATAGATAGATAGATAGATAGATAGATAGATAGACAGACAGACAGACAGACAGACAGACAGACAGAT
D12S391,19,19f,AGATAGATAGATAGATAGATAGATAGATAGATAGATAGATAGATAGACAGACAGACAGACAGACAGACAGACAGAC
D12S391,19,19g,AGATAGATAGATAGATAGATAGATAGATAGATAGATAGATAGACAGACAGACAGACAGACAGACAGACAGACAGAC
D12S391,19,19l,AGATAGATAGATAGATAGATAGATAGATAGATAGATAGATAGATAGATAGACAGACAGACAGACAGACAGACAGAC
D12S391,19.1,19.1o,AGATTAGATAGATAGATAGATAGATAGATAGATAGATAGATAGATAGATAGACAGACAGACAGACAGACAGACAGAT
D12S391,19.3,19.3j,AGATGATAGATAGATAGATAGATAGATAGATAGATAGATAGATAGATAGACAGACAGACAGACAGACAGACAGACAGAT
D12S391,19.3,19.3k,AGATAGATAGATAGATAGATGATAGATAGATAGATAGATAGATAGATAGATAGACAGACAGACAGACAGACAGACAGAT
D12S391,20,20a,AGATAGATAGATAGATAGATAGATAGATAGATAGATAGATAGACAGACAGACAGACAGACAGACAGACAGACAGACAGAT
D12S391,20,20b,AGATAGATAGATAGATAGATAGATAGATAGATAGATAGATAGATAGATAGATAGACAGACAGACAGACAGACAGACAGAT
D12S391,20,20c,AGATAGATAGATAGATAGATAGATAGATAGATAGATAGATAGATAGATAGACAGACAGACAGACAGACAGACAGACAGAT
D12S391,20,20d,AGATAGATAGATAGATAGATAGATAGATAGATAGATAGATAGATAGACAGACAGACAGACAGACAGACAGACAGACAGAT
D12S391,20,20e,AGATAGATAGATAGATAGATAGATAGATAGATAGATAGATAGATAGATAGATAGATAGACAGACAGACAGACAGACAGAT
D12S391,20,20f,AGATAGATAGATAGATAGATAGATAGATAGATAGATAGATAGATAGATAGACAGACAGACAGACAGACAGACAGACAGAC
D12S391,20,20g,AGATAGATAGATAGATAGATAGATAGATAGATAGATAGATAGATAGACAGACAGACAGACAGACAGACAGACAGACAGAC
D12S391,20,20l,AGATAGATAGATAGATAGATAGATAGATAGATAGATAGATAGATAGATAGATAGACAGACAGACAGACAGACAGACAGAC
D12S391,20,20q,AGGTAGATAGATAGATAGATAGATAGATAGATAGATAGATAGATAGACAGACAGACAGACAGACAGACAGACAGACAGAC
D12S391,21,21b,AGATAGATAGATAGATAGATAGATAGATAGATAGATAGATAGATAGATAGATAGATAGACAGACAGACAGACAGACAGACAGAT
D12S391,21,21c,AGATAGATAGATAGATAGATAGATAGATAGATAGATAGATAGATAGATAGATAGACAGACAGACAGACAGACAGACAGACAGAT
D12S391,21,21d,AGATAGATAGATAGATAGATAGATAGATAGATAGATAGATAGATAGATAGACAGACAGACAGACAGACAGACAGACAGACAGAT
D12S391,21,21e,AGATAGATAGATAGATAGATAGATAGATAGATAGATAGATAGATAGACAGACAGACAGACAGACAGACAGACAGACAGACAGAT
D12S391,21,21f,AGATAGATAGATAGATAGATAGATAGATAGATAGATAGATAGATAGATAGATAGACAGACAGACAGACAGACAGACAGACAGAC
D12S391,21,21g,AGATAGATAGATAGATAGATAGATAGATAGATAGATAGATAGATAGATAGACAGACAGACAGACAGACAGACAGACAGACAGAC
D12S391,21,21h,AGATAGATAGATAGATAGATAGATAGATAGATAGATAGATAGATAGACAGACAGACAGACAGACAGACAGACAGACAGACAGAC
D12S391,21,21r,AGATAGATAGATAGATAGATAGATAGATAGATAGATAGATAGATAGATAGATAGATAGATAGACAGACAGACAGACAGACAGAC
D12S391,21,21s,AGATAGATAGATAGATAGATAGATAGATAGATAGATAGATAGATAGATAGATAGATAGACAGACAGACAGACAGACAGACAGAC
D12S391,21.3,21.3j,AGATGATAGATAGATAGATAGATAGATAGATAGATAGATAGATAGATAGATAGATAGACAGACAGACAGACAGACAGACAGACAGAT
D12S391,21.3,21.3t,AGATAGATAGATGATAGATAGATAGATAGATAGATAGATAGATAGATAGATAGATAGACAGACAGACAGACAGACAGACAGACAGAC
D12S391,22,22b,AGATAGATAGATAGATAGATAGATAGATAGATAGATAGATAGATAGATAGATAGATAGATAGACAGACAGACAGACAGACAGACAGAT
D12S391,22,22c,AGATAGATAGATAGATAGATAGATAGATAGATAGATAGATAGATAGATAGATAGATAGACAGACAGACAGACAGACAGACAGACAGAT
D12S391,22,22d,AGATAGATAGATAGATAGATAGATAGATAGATAGATAGATAGATAGATAGATAGACAGACAGACAGACAGACAGACAGACAGACAGAT
D12S391,22,22e,AGATAGATAGATAGATAGATAGATAGATAGATAGATAGATAGATAGATAGACAGACAGACAGACAGACAGACAGACAGACAGACAGAT
D12S391,22,22f,AGATAGATAGATAGATAGATAGATAGATAGATAGATAGATAGATAGATAGATAGATAGACAGACAGACAGACAGACAGACAGACAGAC
D12S391,22,22g,AGATAGATAGATAGATAGATAGATAGATAGATAGATAGATAGATAGATAGATAGACAGACAGACAGACAGACAGACAGACAGACAGAC
D12S391,22,22h,AGATAGATAGATAGATAGATAGATAGATAGATAGATAGATAGATAGATAGACAGACAGACAGACAGACAGACAGACAGACAGACAGAC
D12S391,22,22i,AGATAGATAGATAGATAGATAGATAGATAGATAGATAGATAGATAGACAGACAGACAGACAGACAGACAGACAGACAGACAGACAGAC
D12S391,22,22u,AGATAGATAGATAGATAGATAGATAGATAGATAGATAGATAGATAGACAGACAGACAGACAGACAGACAGACAGACAGACAGACAGAT
D12S391,23,23d,AGATAGATAGATAGATAGATAGATAGATAGATAGATAGATAGATAGATAGATAGATAGACAGACAGACAGACAGACAGACAGACAGACAGAT
D12S391,23,23e,AGATAGATAGATAGATAGATAGATAGATAGATAGATAGATAGATAGATAGATAGACAGACAGACAGACAGACAGACAGACAGACAGACAGAT
D12S391,23,23f,AGATAGATAGATAGATAGATAGATAGATAGATAGATAGATAGATAGATAGATAGATAGATAGACAGACAGACAGACAGACAGACAGACAGAC
D12S391,23,23g,AGATAGATAGATAGATAGATAGATAGATAGATAGATAGATAGATAGATAGATAGATAGACAGACAGACAGACAGACAGACAGACAGACAGAC
D12S391,23,23h,AGATAGATAGATAGATAGATAGATAGATAGATAGATAGATAGATAGATAGATAGACAGACAGACAGACAGACAGACAGACAGACAGACAGAC
D12S391,23,23i,AGATAGATAGATAGATAGATAGATAGATAGATAGATAGATAGATAGATAGACAGACAGACAGACAGACAGACAGACAGACAGACAGACAGAC
D12S391,23,23v,AGGTAGATAGATAGATAGATAGATAGATAGATAGATAGATAGATAGATAGATAGATAGATAGACAGACAGACAGACAGACAGACAGACAGAT
D12S391,24,24c,AGATAGATAGATAGATAGATAGATAGATAGATAGATAGATAGATAGATAGATAGATAGATAGATAGACAGACAGACAGACAGACAGACAGACAGAT
D12S391,24,24d,AGATAGATAGATAGATAGATAGATAGATAGATAGATAGATAGATAGATAGATAGATAGATAGACAGACAGACAGACAGACAGACAGACAGACAGAT
D12S391,24,24e,AGATAGATAGATAGATAGATAGATAGATAGATAGATAGATAGATAGATAGATAGATAGACAGACAGACAGACAGACAGACAGACAGACAGACAGAT
D12S391,24,24f,AGATAGATAGATAGATAGATAGATAGATAGATAGATAGATAGATAGATAGATAGATAGATAGATAGACAGACAGACAGACAGACAGACAGACAGAC
D12S391,24,24g,AGATAGATAGATAGATAGATAGATAGATAGATAGATAGATAGATAGATAGATAGATAGATAGACAGACAGACAGACAGACAGACAGACAGACAGAC
D12S391,24,24h,AGATAGATAGATAGATAGATAGATAGATAGATAGATAGATAGATAGATAGATAGATAGACAGACAGACAGACAGACAGACAGACAGACAGACAGAC
D12S391,24,24i,AGATAGATAGATAGATAGATAGATAGATAGATAGATAGATAGATAGATAGATAGACAGACAGACAGACAGACAGACAGACAGACAGACAGACAGAC
D12S391,24,24m,AGGTAGATAGATAGATAGATAGATAGATAGATAGATAGATAGATAGATAGATAGATAGATAGACAGACAGACAGACAGACAGACAGACAGACAGAT
D12S391,25,25d,AGATAGATAGATAGATAGATAGATAGATAGATAGATAGATAGATAGATAGATAGATAGATAGATAGACAGACAGACAGACAGACAGACAGACAGACAGAT
D12S391,25,25e,AGATAGATAGATAGATAGATAGATAGATAGATAGATAGATAGATAGATAGATAGATAGATAGACAGACAGACAGACAGACAGACAGACAGACAGACAGAT
D12S391,25,25g,AGATAGATAGATAGATAGATAGATAGATAGATAGATAGATAGATAGATAGATAGATAGATAGATAGACAGACAGACAGACAGACAGACAGACAGACAGAC
D12S391,25,25i,AGATAGATAGATAGATAGATAGATAGATAGATAGATAGATAGATAGATAGATAGATAGACAGACAGACAGACAGACAGACAGACAGACAGACAGACAGAC
D12S391,25,25w,AGATAGATAGATAGATAGATAGATAGATAGATAGATAGATAGATAGATAGATAGACAGACAGACAGACAGACAGACAGACAGACAGACAGACAGACAGAC
D12S391,26,26d,AGATAGATAGATAGATAGATAGATAGATAGATAGATAGATAGATAGATAGATAGATAGATAGATAGATAGACAGACAGACAGACAGACAGACAGACAGACAGAT
D12S391,26,26g,AGATAGATAGATAGATAGATAGATAGATAGATAGATAGATAGATAGATAGATAGATAGATAGATAGATAGACAGACAGACAGACAGACAGACAGACAGACAGAC
D12S391,26,26h,AGATAGATAGATAGATAGATAGATAGATAGATAGATAGATAGATAGATAGATAGATAGATAGATAGACAGACAGACAGACAGACAGACAGACAGACAGACAGAC
D13S317,5,5c,TATCTATCTATCTATCTATCAATCAATCATCTATCTATCTTTCTGTCTGTC
D13S317,8,8c,TATCTATCTATCTATCTATCTATCTATCTATCAATCAATCATCTATCTATCTTTCTGTCTGTC
D13S317,9,9a,TATCTATCTATCTATCTATCTATCTATCTATCTATCTATCTATCAATCATCTATCTTTCTGTCTGTC
D13S317,9,9b,TATCTATCTATCTATCTATCTATCTATCTATCTATCTATCAATCATCTATCTATCTTTCTGTCTGTC
D13S317,9,9c,TATCTATCTATCTATCTATCTATCTATCTATCTATCAATCAATCATCTATCTATCTTTCTGTCTGTC
D13S317,9,9d,TATCTATCTATCTATCTATCTATCTATCTATCTATCTATCTATCAATCATCTATCTTTCTGTCTTTT
D13S317,10,10a,TATCTATCTATCTATCTATCTATCTATCTATCTATCTATCTATCTATCAATCATCTATCTTTCTGTCTGTC
D13S317,10,10b,TATCTATCTATCTATCTATCTATCTATCTATCTATCTATCTATCAATCATCTATCTATCTTTCTGTCTGTC
D13S317,10,10c,TATCTATCTATCTATCTATCTATCTATCTATCTATCTATCAATCAATCATCTATCTATCTTTCTGTCTGTC
D13S317,11,11b,TATCTATCTATCTATCTATCTATCTATCTATCTATCTATCTATCTATCAATCATCTATCTATCTTTCTGTCTGTC
D13S317,11,11c,TATCTATCTATCTATCTATCTATCTATCTATCTATCTATCTATCAATCAATCATCTATCTATCTTTCTGTCTGTC
D13S317,11,11e,TATCTATCTATCTATCTATCTATCTATCTATCTGTCTATCTATCTATCAATCATCTATCTATCTTTCTGTCTGTC
D13S317,11,11f,TATCTATCTATCTATCTATCTATCTATCTATCTATCTATCTATCTATCTATCATCTATCTATCTTTCTGTCTGTC
D13S317,12,12b,TATCTATCTATCTATCTATCTATCTATCTATCTATCTATCTATCTATCTATCAATCATCTATCTATCTTTCTGTCTGTC
D13S317,12,12c,TATCTATCTATCTATCTATCTATCTATCTATCTATCTATCTATCTATCAATCAATCATCTATCTATCTTTCTGTCTGTC
D13S317,12,12f,TATCTATCTATCTATCTATCTATCTATCTATCTATCTATCTATCTATCTATCTATCATCTATCTATCTTTCTGTCTGTC
D13S317,13,13b,TATCTATCTATCTATCTATCTATCTATCTATCTATCTATCTATCTATCTATCTATCAATCATCTATCTATCTTTCTGTCTGTC
D13S317,13,13c,TATCTATCTATCTATCTATCTATCTATCTATCTATCTATCTATCTATCTATCAATCAATCATCTATCTATCTTTCTGTCTGTC
D13S317,13,13d,TATCTATCTATCTATCTATCTATCTATCTATCTATCTATCTATCTATCTATCTATCTATCAATCATCTATCTTTCTGTCTTTT
D13S317,13,13f,TATCTATCTATCTATCTATCTATCTATCTATCTATCTATCTATCTATCTATCTATCTATCATCTATCTATCTTTCTGTCTGTC
D13S317,14,14b,TATCTATCTATCTATCTATCTATCTATCTATCTATCTATCTATCTATCTATCTATCTATCAATCATCTATCTATCTTTCTGTCTGTC
D13S317,14,14c,TATCTATCTATCTATCTATCTATCTATCTATCTATCTATCTATCTATCTATCTATCAATCAATCATCTATCTATCTTTCTGTCTGTC
D13S317,15,15c,TATCTATCTATCTATCTATCTATCTATCTATCTATCTATCTATCTATCTATCTATCTATCAATCAATCATCTATCTATCTTTCTGTCTGTC
D16S539,8,8a,GATAGATAGATAGATAGATAGATAGATAGATA
D16S539,9,9a,GATAGATAGATAGATAGATAGATAGATAGATAGATA
D16S539,9,9b,GGTAGATAGATAGATAGATAGATAGATAGATAGATA
D16S539,10,10a,GATAGATAGATAGATAGATAGATAGATAGATAGATAGATA
D16S539,11,11a,GATAGATAGATAGATAGATAGATAGATAGATAGATAGATAGATA
D16S539,12,12a,GATAGATAGATAGATAGATAGATAGATAGATAGATAGATAGATAGATA
D16S539,12,12c,GATAGATACATAGATAGATAGATAGATAGATAGATAGATAGATAGATA
D16S539,13,13a,GATAGATAGATAGATAGATAGATAGATAGATAGATAGATAGATAGATAGATA
D16S539,14,14a,GATAGATAGATAGATAGATAGATAGATAGATAGATAGATAGATAGATAGATAGATA
D16S539,15,15a,GATAGATAGATAGATAGATAGATAGATAGATAGATAGATAGATAGATAGATAGATAGATA
D17S1301,9,9a,AGATAGATAGATAGATAGATAGATAGATAGATAGAT
D17S1301,10,10a,AGATAGATAGATAGATAGATAGATAGATAGATAGATAGAT
D17S1301,11,11a,AGATAGATAGATAGATAGATAGATAGATAGATAGATAGATAGAT
D17S1301,11,11.3b,AGATAGATAGATAGATAGATAGATAGATAGATGATAGATAGATAGAT
D17S1301,12,12a,AGATAGATAGATAGATAGATAGATAGATAGATAGATAGATAGATAGAT
D17S1301,12,12c,AGATAGATAGATAGATAGATAGATAGATAGATAGATAGATAGATCGAT
D17S1301,12,12d,AGATAGATAGATAGATAGATAGATAGATAGATAGATAGATAGGTAGAT
D17S1301,13,13a,AGATAGATAGATAGATAGATAGATAGATAGATAGATAGATAGATAGATAGAT
D17S1301,13,13c,AGATAGATAGATAGATAGATAGATAGATAGATAGATAGATAGATAGATCGAT
D17S1301,14,14a,AGATAGATAGATAGATAGATAGATAGATAGATAGATAGATAGATAGATAGATAGAT
D17S1301,15,15a,AGATAGATAGATAGATAGATAGATAGATAGATAGATAGATAGATAGATAGATAGATAGAT
D17S1301,16,16a,AGATAGATAGATAGATAGATAGATAGATAGATAGATAGATAGATAGATAGATAGATAGATAGAT
D18S51,9,9a,AGAAAGAAAGAAAGAAAGAAAGAAAGAAAGAAAGAAAAAGAGAGAG
D18S51,10,10a,AGAAAGAAAGAAAGAAAGAAAGAAAGAAAGAAAGAAAGAAAAAGAGAGAG
D18S51,10,10c,AGAAAGAAAGAAAGAAAGAAAGAAAGAAAGAAAGAAAGAAAGAGAGAGAG
D18S51,11,11a,AGAAAGAAAGAAAGAAAGAAAGAAAGAAAGAAAGAAAGAAAGAAAAAGAGAGAG
D18S51,11,11c,AGAAAGAAAGAAAGAAAGAAAGAAAGAAAGAAAGAAAGAAAGAAAGAGAGAGAG
D18S51,12,12a,AGAAAGAAAGAAAGAAAGAAAGAAAGAAAGAAAGAAAGAAAGAAAGAAAAAGAGAGAG
D18S51,12,12c,AGAAAGAAAGAAAGAAAGAAAGAAAGAAAGAAAGAAAGAAAGAAAGAAAGAGAGAGAG
D18S51,13,13a,AGAAAGAAAGAAAGAAAGAAAGAAAGAAAGAAAGAAAGAAAGAAAGAAAGAAAAAGAGAGAG
D18S51,13,13b,AGAAAGCAAGAAAGAAAGAAAGAAAGAAAGAAAGAAAGAAAGAAAGAAAGAAAAAGAGAGAG
D18S51,13.2,13.2d,AGAAAGAAAGAAAGAAAGAAAGAAAGAAAGAAAGAAAGAAAGAAAGAAAGAAAGAGAGAGAGAG
D18S51,14,14a,AGAAAGAAAGAAAGAAAGAAAGAAAGAAAGAAAGAAAGAAAGAAAGAAAGAAAGAAAAAGAGAGAG
D18S51,14,14b,AGAAAGCAAGAAAGAAAGAAAGAAAGAAAGAAAGAAAGAAAGAAAGAAAGAAAGAAAAAGAGAGAG
D18S51,14.2,14.2d,AGAAAGAAAGAAAGAAAGAAAGAAAGAAAGAAAGAAAGAAAGAAAGAAAGAAAGAAAGAGAGAGAGAG
D18S51,15,15a,AGAAAGAAAGAAAGAAAGAAAGAAAGAAAGAAAGAAAGAAAGAAAGAAAGAAAGAAAGAAAAAGAGAGAG
D18S51,15,15b,AGAAAGCAAGAAAGAAAGAAAGAAAGAAAGAAAGAAAGAAAGAAAGAAAGAAAGAAAGAAAAAGAGAGAG
D18S51,15,15c,AGAAAGAAAGAAAGAAAGAAAGAAAGAAAGAAAGAAAGAAAGAAAGAAAGAAAGAAAGAAAGAGAGAGAG
D18S51,15,15e,AGAAAGAAAGAAAGAAAGGAAGAAAGAAAGAAAGAAAGAAAGAAAGAAAGAAAGAAAGAAAAAGAGAGAG
D18S51,16,16a,AGAAAGAAAGAAAGAAAGAAAGAAAGAAAGAAAGAAAGAAAGAAAGAAAGAAAGAAAGAAAGAAAAAGAGAGAG
D18S51,16,16c,AGAAAGAAAGAAAGAAAGAAAGAAAGAAAGAAAGAAAGAAAGAAAGAAAGAAAGAAAGAAAGAAAGAGAGAGAG
D18S51,16,16f,AGAAAGAAAGAAAGAAAGAAAGAAAGAAAGAAAGAAAGAAAGAAAGAAAGAAAGAAAGAAAGAGAGAGAGAGAG
D18S51,17,17a,AGAAAGAAAGAAAGAAAGAAAGAAAGAAAGAAAGAAAGAAAGAAAGAAAGAAAGAAAGAAAGAAAGAAAAAGAGAGAG
D18S51,17,17c,AGAAAGAAAGAAAGAAAGAAAGAAAGAAAGAAAGAAAGAAAGAAAGAAAGAAAGAAAGAAAGAAAGAAAGAGAGAGAG
D18S51,18,18a,AGAAAGAAAGAAAGAAAGAAAGAAAGAAAGAAAGAAAGAAAGAAAGAAAGAAAGAAAGAAAGAAAGAAAGAAAAAGAGAGAG
D18S51,19,19a,AGAAAGAAAGAAAGAAAGAAAGAAAGAAAGAAAGAAAGAAAGAAAGAAAGAAAGAAAGAAAGAAAGAAAGAAAGAAAAAGAGAGAG
D18S51,19,19g,AGAAAGAAAGAAAGAAAGAAAGAAAGAAATAAAGAAAGAAAGAAAGAAAGAAAGAAAGAAAGAAAGAAAGAAAGAAAAAGAGAGAG
D18S51,19,19h,AGAAAGAAAGAAAGAAAGAAAGAAAGAAAGAAAGAAAGAAAGAAAGAAAGAAAGAAAGAAAGAAAGAAAGAAAGAAAAAGAGAGAG
D18S51,20,20a,AGAAAGAAAGAAAGAAAGAAAGAAAGAAAGAAAGAAAGAAAGAAAGAAAGAAAGAAAGAAAGAAAGAAAGAAAGAAAGAAAAAGAGAGAG
D18S51,20,20i,AGAAAGGAAGAAAGAAAGAAAGAAAGAAAGAAAGAAAGAAAGAAAGAAAGAAAGAAAGAAAGAAAGAAAGAAAGAAAGAAAAAGAGAGAG
D18S51,20.2,20.2j,AGAAAGAAAGAAAGAAAGAAAGAAAGAAAGAAAGAAAGAAAGAAAGAAAGAAAGAAAGAAAGAAAGAAAGAAAGAAAGAGAAAAAGAGAGAG
D18S51,21,21a,AGAAAGAAAGAAAGAAAGAAAGAAAGAAAGAAAGAAAGAAAGAAAGAAAGAAAGAAAGAAAGAAAGAAAGAAAGAAAGAAAGAAAAAGAGAGAG
D18S51,22,22a,AGAAAGAAAGAAAGAAAGAAAGAAAGAAAGAAAGAAAGAAAGAAAGAAAGAAAGAAAGAAAGAAAGAAAGAAAGAAAGAAAGAAAGAAAAAGAGAGAG
D18S51,23,23a,AGAAAGAAAGAAAGAAAGAAAGAAAGAAAGAAAGAAAGAAAGAAAGAAAGAAAGAAAGAAAGAAAGAAAGAAAGAAAGAAAGAAAGAAAGAAAAAGAGAGAG
D18S51,24,24a,AGAAAGAAAGAAAGAAAGAAAGAAAGAAAGAAAGAAAGAAAGAAAGAAAGAAAGAAAGAAAGAAAGAAAGAAAGAAAGAAAGAAAGAAAGAAAGAAAAAGAGAGAG
D18S51,25,25a,AGAAAGAAAGAAAGAAAGAAAGAAAGAAAGAAAGAAAGAAAGAAAGAAAGAAAGAAAGAAAGAAAGAAAGAAAGAAAGAAAGAAAGAAAGAAAGAAAGAAAAAGAGAGAG
D18S51,27,27a,AGAAAGAAAGAAAGAAAGAAAGAAAGAAAGAAAGAAAGAAAGAAAGAAAGAAAGAAAGAAAGAAAGAAAGAAAGAAAGAAAGAAAGAAAGAAAGAAAGAAAGAAAGAAAAAGAGAGAG
D19S433,9.2,9.2b,AAGGAAAAGGTAGGAAGGAAGGAAGGAAGGAAGGAAGGAAGGAAGGAGAGAGGAAGAAAGAGAG
D19S433,10,10a,AAGGAAAGAAGGTAGGAAGGAAGGAAGGAAGGAAGGAAGGAAGGAAGGAGAGAGGAAGAAAGAGAG
D19S433,11,11a,AAGGAAAGAAGGTAGGAAGGAAGGAAGGAAGGAAGGAAGGAAGGAAGGAAGGAGAGAGGAAGAAAGAGAG
D19S433,11.2,11.2b,AAGGAAAAGGTAGGAAGGAAGGAAGGAAGGAAGGAAGGAAGGAAGGAAGGAAGGAGAGAGGAAGAAAGAGAG
D19S433,12,12a,AAGGAAAGAAGGTAGGAAGGAAGGAAGGAAGGAAGGAAGGAAGGAAGGAAGGAAGGAGAGAGGAAGAAAGAGAG
D19S433,12.2,12.2b,AAGGAAAAGGTAGGAAGGAAGGAAGGAAGGAAGGAAGGAAGGAAGGAAGGAAGGAAGGAGAGAGGAAGAAAGAGAG
D19S433,12.2,12.2e,AAGGAAAAGGTAGGAAGGAAGGAAGGAAGGAAGGAAGGAGGGAAGGAAGGAAGGAAGGAGAGAGGAAGAAAGAGAG
D19S433,13,13a,AAGGAAAGAAGGTAGGAAGGAAGGAAGGAAGGAAGGAAGGAAGGAAGGAAGGAAGGAAGGAGAGAGGAAGAAAGAGAG
D19S433,13,13c,AAGGAAAGAAGGTAGGAAGGAAGGAAGGAAGGAAGGAAGGAAGGAAGGAAGGAAGGAAGGAGAGAGGAGGAAAGAGAG
D19S433,13,13d,AAGGAAAGAAGGAAGGAAGGAAGGAAGGAAGGAAGGAAGGAAGGAAGGAAGGAAGGAAGGAGAGAGGAAGAAAGAGAG
D19S433,13.2,13.2b,AAGGAAAAGGTAGGAAGGAAGGAAGGAAGGAAGGAAGGAAGGAAGGAAGGAAGGAAGGAAGGAGAGAGGAAGAAAGAGAG
D19S433,14,14a,AAGGAAAGAAGGTAGGAAGGAAGGAAGGAAGGAAGGAAGGAAGGAAGGAAGGAAGGAAGGAAGGAGAGAGGAAGAAAGAGAG
D19S433,14,14d,AAGGAAAGAAGGAAGGAAGGAAGGAAGGAAGGAAGGAAGGAAGGAAGGAAGGAAGGAAGGAAGGAGAGAGGAAGAAAGAGAG
D19S433,14,14f,AAGGAAAGAAGGTAGGAAGGAAGGAGGGAAGGAAGGAAGGAAGGAAGGAAGGAAGGAAGGAAGGAGAGAGGAAGAAAGAGAG
D19S433,14.2,14.2b,AAGGAAAAGGTAGGAAGGAAGGAAGGAAGGAAGGAAGGAAGGAAGGAAGGAAGGAAGGAAGGAAGGAGAGAGGAAGAAAGAGAG
D19S433,15,15a,AAGGAAAGAAGGTAGGAAGGAAGGAAGGAAGGAAGGAAGGAAGGAAGGAAGGAAGGAAGGAAGGAAGGAGAGAGGAAGAAAGAGAG
D19S433,15.2,15.2b,AAGGAAAAGGTAGGAAGGAAGGAAGGAAGGAAGGAAGGAAGGAAGGAAGGAAGGAAGGAAGGAAGGAAGGAGAGAGGAAGAAAGAGAG
D19S433,15.2,15.2g,AAGGAAAGAAGGTAGGAAGGAAGGAAGGAAGGAAGGAAGGAAGGAAGGAAGGAAGGAAGGAAGGAAGGAAGGAGAGGAAGAAAGAGAG
D19S433,16,16a,AAGGAAAGAAGGTAGGAAGGAAGGAAGGAAGGAAGGAAGGAAGGAAGGAAGGAAGGAAGGAAGGAAGGAAGGAGAGAGGAAGAAAGAGAG
D19S433,16.2,16.2b,AAGGAAAAGGTAGGAAGGAAGGAAGGAAGGAAGGAAGGAAGGAAGGAAGGAAGGAAGGAAGGAAGGAAGGAAGGAGAGAGGAAGAAAGAGAG
D19S433,16.2,16.2h,AAGGAAAAGGTAGGAAAGAAGGAAGGAAGGAAGGAAGGAAGGAAGGAAGGAAGGAAGGAAGGAAGGAAGGAAGGAGAGAGGAAGAAAGAGAG
D19S433,17,17a,AAGGAAAGAAGGTAGGAAGGAAGGAAGGAAGGAAGGAAGGAAGGAAGGAAGGAAGGAAGGAAGGAAGGAAGGAAGGAGAGAGGAAGAAAGAGAG
D19S433,17.2,17.2b,AAGGAAAAGGTAGGAAGGAAGGAAGGAAGGAAGGAAGGAAGGAAGGAAGGAAGGAAGGAAGGAAGGAAGGAAGGAAGGAGAGAGGAAGAAAGAGAG
D19S433,18.2,18.2b,AAGGAAAAGGTAGGAAGGAAGGAAGGAAGGAAGGAAGGAAGGAAGGAAGGAAGGAAGGAAGGAAGGAAGGAAGGAAGGAAGGAGAGAGGAAGAAAGAGAG
D1S1656,10,10a,TAGATAGATAGATAGATAGATAGATAGATAGATAGATAGATGTGTGTGTG
D1S1656,11,11a,TAGATAGATAGATAGATAGATAGATAGATAGATAGATAGATAGATGTGTGTGTG
D1S1656,11,11b,TAGATAGATAGATAGATAGATAGATAGATAGATAGATAGATAGGTGTGTGTGTG
D1S1656,12,12a,TAGATAGATAGATAGATAGATAGATAGATAGATAGATAGATAGATAGATGTGTGTGTG
D1S1656,12,12b,TAGATAGATAGATAGATAGATAGATAGATAGATAGATAGATAGATAGGTGTGTGTGTG
D1S1656,13,13a,TAGATAGATAGATAGATAGATAGATAGATAGATAGATAGATAGATAGATAGATGTGTGTGTG
D1S1656,13,13b,TAGATAGATAGATAGATAGATAGATAGATAGATAGATAGATAGATAGATAGGTGTGTGTGTG
D1S1656,13,13g,TAGATAGATAGATAGATAGATAGATAGATAGATAGATAGATAGATAGCTAGATGTGTGTGTG
D1S1656,13.3,13.3f,TAGATAGATAGATAGATGATAGATAGATAGATAGATAGATAGATAGATAGATAGGTGTGTGTGTG
D1S1656,14,14a,TAGATAGATAGATAGATAGATAGATAGATAGATAGATAGATAGATAGATAGATAGATGTGTGTGTG
D1S1656,14,14b,TAGATAGATAGATAGATAGATAGATAGATAGATAGATAGATAGATAGATAGATAGGTGTGTGTGTG
D1S1656,14.3,14.3d,TAGATAGATGATAGATAGATAGATAGATAGATAGATAGATAGATAGATAGATAGATAGGTGTGTGTGTG
D1S1656,14.3,14.3e,TAGATAGATAGATGATAGATAGATAGATAGATAGATAGATAGATAGATAGATAGATAGGTGTGTGTGTG
D1S1656,14.3,14.3f,TAGATAGATAGATAGATGATAGATAGATAGATAGATAGATAGATAGATAGATAGATAGGTGTGTGTGTG
D1S1656,15,15a,TAGATAGATAGATAGATAGATAGATAGATAGATAGATAGATAGATAGATAGATAGATAGATGTGTGTGTG
D1S1656,15,15b,TAGATAGATAGATAGATAGATAGATAGATAGATAGATAGATAGATAGATAGATAGATAGGTGTGTGTGTG
D1S1656,15,15c,TAGATAGATAGATAGATAGATAGATAGATAGATAGATAGATAGATAGATAGATAGATAAGTGTGTGTGTG
D1S1656,15,15h,TAGATAGATAGATAGATACATAGATAGATAGATAGATAGATAGATAGATAGATAGATAGGTGTGTGTGTG
D1S1656,15.3,15.3d,TAGATAGATGATAGATAGATAGATAGATAGATAGATAGATAGATAGATAGATAGATAGATAGGTGTGTGTGTG
D1S1656,15.3,15.3e,TAGATAGATAGATGATAGATAGATAGATAGATAGATAGATAGATAGATAGATAGATAGATAGGTGTGTGTGTG
D1S1656,15.3,15.3f,TAGATAGATAGATAGATGATAGATAGATAGATAGATAGATAGATAGATAGATAGATAGATAGGTGTGTGTGTG
D1S1656,16,16a,TAGATAGATAGATAGATAGATAGATAGATAGATAGATAGATAGATAGATAGATAGATAGATAGATGTGTGTGTG
D1S1656,16,16b,TAGATAGATAGATAGATAGATAGATAGATAGATAGATAGATAGATAGATAGATAGATAGATAGGTGTGTGTGTG
D1S1656,16,16c,TAGATAGATAGATAGATAGATAGATAGATAGATAGATAGATAGATAGATAGATAGATAGATAAGTGTGTGTGTG
D1S1656,16.3,163.d,TAGATAGATGATAGATAGATAGATAGATAGATAGATAGATAGATAGATAGATAGATAGATAGATAGGTGTGTGTGTG
D1S1656,16.3,16.3e,TAGATAGATAGATGATAGATAGATAGATAGATAGATAGATAGATAGATAGATAGATAGATAGATAGGTGTGTGTGTG
D1S1656,16.3,16.3f,TAGATAGATAGATAGATGATAGATAGATAGATAGATAGATAGATAGATAGATAGATAGATAGATAGGTGTGTGTGTG
D1S1656,17,17a,TAGATAGATAGATAGATAGATAGATAGATAGATAGATAGATAGATAGATAGATAGATAGATAGATAGATGTGTGTGTG
D1S1656,17,17b,TAGATAGATAGATAGATAGATAGATAGATAGATAGATAGATAGATAGATAGATAGATAGATAGATAGGTGTGTGTGTG
D1S1656,17,17c,TAGATAGATAGATAGATAGATAGATAGATAGATAGATAGATAGATAGATAGATAGATAGATAGATAAGTGTGTGTGTG
D1S1656,17.1,17.1i,TAGATAGATAGATAGATGATAGATAGATAGATAGATAGATAGATAGATAGATAGATAGATAGATAGATGTGTGTGTGTG
D1S1656,17.3,17.3f,TAGATAGATAGATAGATGATAGATAGATAGATAGATAGATAGATAGATAGATAGATAGATAGATAGATAGGTGTGTGTGTG
D1S1656,18,18b,TAGATAGATAGATAGATAGATAGATAGATAGATAGATAGATAGATAGATAGATAGATAGATAGATAGATAGGTGTGTGTGTG
D1S1656,18.3,18.3f,TAGATAGATAGATAGATGATAGATAGATAGATAGATAGATAGATAGATAGATAGATAGATAGATAGATAGATAGGTGTGTGTGTG
D1S1656,19,19b,TAGATAGATAGATAGATAGATAGATAGATAGATAGATAGATAGATAGATAGATAGATAGATAGATAGATAGATAGGTGTGTGTGTG
D1S1656,19.3,19.3f,TAGATAGATAGATAGATGATAGATAGATAGATAGATAGATAGATAGATAGATAGATAGATAGATAGATAGATAGATAGGTGTGTGTGTG
D20S482,9,9a,AGATAGATAGATAGATAGATAGATAGATAGATAGAT
D20S482,10,10a,AGATAGATAGATAGATAGATAGATAGATAGATAGATAGAT
D20S482,11,11a,AGATAGATAGATAGATAGATAGATAGATAGATAGATAGATAGAT
D20S482,12,12a,AGATAGATAGATAGATAGATAGATAGATAGATAGATAGATAGATAGAT
D20S482,13,13a,AGATAGATAGATAGATAGATAGATAGATAGATAGATAGATAGATAGATAGAT
D20S482,13,13b,AGATAGATAGATAGATAGATAGATAGATAGATAGATAGATAGATAGATAGCT
D20S482,14,14a,AGATAGATAGATAGATAGATAGATAGATAGATAGATAGATAGATAGATAGATAGAT
D20S482,15,15a,AGATAGATAGATAGATAGATAGATAGATAGATAGATAGATAGATAGATAGATAGATAGAT
D20S482,16,16a,AGATAGATAGATAGATAGATAGATAGATAGATAGATAGATAGATAGATAGATAGATAGATAGAT
D20S482,17,17a,AGATAGATAGATAGATAGATAGATAGATAGATAGATAGATAGATAGATAGATAGATAGATAGATAGAT
D21S11,24.2,24.2aa,TCTATCTATCTATCTATCTATCTGTCTGTCTGTCTGTCTGTCTGTCTATCTATCTATCATCTATCTATCCATATCTATCTATCTATCTATCTATCTATCTATCTATCTA
D21S11,25.2,25.2y,TCTATCTATCTATCTATCTATCTATCTGTCTGTCTGTCTGTCTGTCTGTCTATCTATCTATCATCTATCTATCCATATCTATCTATCTATCTATCTATCTATCTATCTATCTA
D21S11,27,27a,TCTATCTATCTATCTATCTGTCTGTCTGTCTGTCTGTCTATCTATCTATATCTATCTATCTATCATCTATCTATCCATATCTATCTATCTATCTATCTATCTATCTATCTATCTATCTA
D21S11,27,27b,TCTATCTATCTATCTATCTGTCTGTCTGTCTGTCTGTCTGTCTATCTATCTATATCTATCTATCTATCATCTATCTATCCATATCTATCTATCTATCTATCTATCTATCTATCTATCTA
D21S11,27,27d,TCTATCTATCTATCTATCTATCTGTCTGTCTGTCTGTCTGTCTATCTATCTATATCTATCTATCTATCATCTATCTATCCATATCTATCTATCTATCTATCTATCTATCTATCTATCTA
D21S11,27,27e,TCTATCTATCTATCTATCTATCTGTCTGTCTGTCTGTCTGTCTGTCTATCTATCTATATCTATCTATCTATCATCTATCTATCCATATCTATCTATCTATCTATCTATCTATCTATCTA
D21S11,27,27g,TCTATCTATCTATCTATCTATCTATCTGTCTGTCTGTCTGTCTGTCTATCTATCTATATCTATCTATCTATCATCTATCTATCCATATCTATCTATCTATCTATCTATCTATCTATCTA
D21S11,27,27.2q,TCTATCTATCTATCTATCTATCTGTCTGTCTGTCTGTCTGTCTGTCTATCTATCTATATCTATCTATCTATCATCTATCTATCCATATCTATCTATCTATCTATCTATCTATCTATATCTA
D21S11,28,28b,TCTATCTATCTATCTATCTGTCTGTCTGTCTGTCTGTCTGTCTATCTATCTATATCTATCTATCTATCATCTATCTATCCATATCTATCTATCTATCTATCTATCTATCTATCTATCTATCTA
D21S11,28,28c,TCTATCTATCTATCTATCTGTCTGTCTGTCTGTCTGTCTGTCTGTCTATCTATCTATATCTATCTATCTATCATCTATCTATCCATATCTATCTATCTATCTATCTATCTATCTATCTATCTA
D21S11,28,28d,TCTATCTATCTATCTATCTATCTGTCTGTCTGTCTGTCTGTCTATCTATCTATATCTATCTATCTATCATCTATCTATCCATATCTATCTATCTATCTATCTATCTATCTATCTATCTATCTA
D21S11,28,28e,TCTATCTATCTATCTATCTATCTGTCTGTCTGTCTGTCTGTCTGTCTATCTATCTATATCTATCTATCTATCATCTATCTATCCATATCTATCTATCTATCTATCTATCTATCTATCTATCTA
D21S11,28,28g,TCTATCTATCTATCTATCTATCTATCTGTCTGTCTGTCTGTCTGTCTATCTATCTATATCTATCTATCTATCATCTATCTATCCATATCTATCTATCTATCTATCTATCTATCTATCTATCTA
D21S11,28,28ac,TCTATCTATCTATCTATCTGTCTGTCTGTCTGTCTGTCTGTCTATCTATCTATATCTATCTATCTATCATCTATCTATCCATATCTATCTATCTATCTATCTATCTATCTATCTATCTATCTA
D21S11,28,28ad,TCTATCTATCTATCTATCTGTCTGTCTGTCTGTCTGTCTGTCTATCTATCTATATCTATCTATCATCTATCTATCCATATCTATCTATCTATCTATCTATCTATCTATCTATCTATCTATCTA
D21S11,28.2,28.2p,TCTATCTATCTATCTATCTATCTGTCTGTCTGTCTGTCTGTCTATCTATCTATATCTATCTATCTATCATCTATCTATCCATATCTATCTATCTATCTATCTATCTATCTATCTATCTATATCTA
D21S11,28.2,28.2q,TCTATCTATCTATCTATCTATCTGTCTGTCTGTCTGTCTGTCTGTCTATCTATCTATATCTATCTATCTATCATCTATCTATCCATATCTATCTATCTATCTATCTATCTATCTATCTATATCTA
D21S11,29,29a,TCTATCTATCTATCTATCTGTCTGTCTGTCTGTCTGTCTATCTATCTATATCTATCTATCTATCATCTATCTATCCATATCTATCTATCTATCTATCTATCTATCTATCTATCTATCTATCTATCTA
D21S11,29,29b,TCTATCTATCTATCTATCTGTCTGTCTGTCTGTCTGTCTGTCTATCTATCTATATCTATCTATCTATCATCTATCTATCCATATCTATCTATCTATCTATCTATCTATCTATCTATCTATCTATCTA
D21S11,29,29c,TCTATCTATCTATCTATCTGTCTGTCTGTCTGTCTGTCTGTCTGTCTATCTATCTATATCTATCTATCTATCATCTATCTATCCATATCTATCTATCTATCTATCTATCTATCTATCTATCTATCTA
D21S11,29,29d,TCTATCTATCTATCTATCTATCTGTCTGTCTGTCTGTCTGTCTATCTATCTATATCTATCTATCTATCATCTATCTATCCATATCTATCTATCTATCTATCTATCTATCTATCTATCTATCTATCTA
D21S11,29,29e,TCTATCTATCTATCTATCTATCTGTCTGTCTGTCTGTCTGTCTGTCTATCTATCTATATCTATCTATCTATCATCTATCTATCCATATCTATCTATCTATCTATCTATCTATCTATCTATCTATCTA
D21S11,29,29g,TCTATCTATCTATCTATCTATCTATCTGTCTGTCTGTCTGTCTGTCTATCTATCTATATCTATCTATCTATCATCTATCTATCCATATCTATCTATCTATCTATCTATCTATCTATCTATCTATCTA
D21S11,29,29h,TCTATCTATCTATCTATCTATCTATCTGTCTGTCTGTCTGTCTGTCTGTCTATCTATCTATATCTATCTATCTATCATCTATCTATCCATATCTATCTATCTATCTATCTATCTATCTATCTATCTA
D21S11,29,29j,TCTATCTATCTATCTATCTATCTATCTATCTGTCTGTCTGTCTGTCTGTCTATCTATCTATATCTATCTATCTATCATCTATCTATCCATATCTATCTATCTATCTATCTATCTATCTATCTATCTA
D21S11,29,29ae,TCTATCTATCTATCTATCTATCTGTCTGTCTGTCTGTCTGTCTATCTATCTATATCTATCTATCATCTATCTATCCATATCTATCTATCTATCTATCTATCTATCTATCTATCTATCTATCTATCTA
D21S11,29,29af,TCTATCTATCTATCTATCTATCTGTCTGTCTGTCTGTCTGTCTGTCTATCTATCTATATCTATCTATCATCTATCTATCCATATCTATCTATCTATCTATCTATCTATCTATCTATCTATCTATCTA
D21S11,29.2,29.2q,TCTATCTATCTATCTATCTATCTGTCTGTCTGTCTGTCTGTCTGTCTATCTATCTATATCTATCTATCTATCATCTATCTATCCATATCTATCTATCTATCTATCTATCTATCTATCTATCTATATCTA
D21S11,29.2,29.2ag,TCTATCTATCTATCTATCTATCTGTCTGTCTGTCTGTCTGTCTGTCTATCTATCTATATCTATCTATCATCTATCTATCCATATCTATCTATCTATCTATCTATCTATCTATCTATCTATCTATATCTA
D21S11,30,30b,TCTATCTATCTATCTATCTGTCTGTCTGTCTGTCTGTCTGTCTATCTATCTATATCTATCTATCTATCATCTATCTATCCATATCTATCTATCTATCTATCTATCTATCTATCTATCTATCTATCTATCTA
D21S11,30,30d,TCTATCTATCTATCTATCTATCTGTCTGTCTGTCTGTCTGTCTATCTATCTATATCTATCTATCTATCATCTATCTATCCATATCTATCTATCTATCTATCTATCTATCTATCTATCTATCTATCTATCTA
D21S11,30,30e,TCTATCTATCTATCTATCTATCTGTCTGTCTGTCTGTCTGTCTGTCTATCTATCTATATCTATCTATCTATCATCTATCTATCCATATCTATCTATCTATCTATCTATCTATCTATCTATCTATCTATCTA
D21S11,30,30g,TCTATCTATCTATCTATCTATCTATCTGTCTGTCTGTCTGTCTGTCTATCTATCTATATCTATCTATCTATCATCTATCTATCCATATCTATCTATCTATCTATCTATCTATCTATCTATCTATCTATCTA
D21S11,30,30h,TCTATCTATCTATCTATCTATCTATCTGTCTGTCTGTCTGTCTGTCTGTCTATCTATCTATATCTATCTATCTATCATCTATCTATCCATATCTATCTATCTATCTATCTATCTATCTATCTATCTATCTA
D21S11,30,30j,TCTATCTATCTATCTATCTATCTATCTATCTGTCTGTCTGTCTGTCTGTCTATCTATCTATATCTATCTATCTATCATCTATCTATCCATATCTATCTATCTATCTATCTATCTATCTATCTATCTATCTA
D21S11,30,30af,TCTATCTATCTATCTATCTATCTGTCTGTCTGTCTGTCTGTCTGTCTATCTATCTATATCTATCTATCATCTATCTATCCATATCTATCTATCTATCTATCTATCTATCTATCTATCTATCTATCTATCTA
D21S11,30,30ah,TCTATCTATCTATCTATCTATCTGTCTGTCTGTCTGTCTGTCTATCTATCTATATCTATCTATCATCTATCTATCCATATCTATCTATCTATCTATCTATCTATCTATCTATCTATCTATCTATCTATCTA
D21S11,30.2,30.2p,TCTATCTATCTATCTATCTATCTGTCTGTCTGTCTGTCTGTCTATCTATCTATATCTATCTATCTATCATCTATCTATCCATATCTATCTATCTATCTATCTATCTATCTATCTATCTATCTATCTATATCTA
D21S11,30.2,30.2q,TCTATCTATCTATCTATCTATCTGTCTGTCTGTCTGTCTGTCTGTCTATCTATCTATATCTATCTATCTATCATCTATCTATCCATATCTATCTATCTATCTATCTATCTATCTATCTATCTATCTATATCTA
D21S11,30.2,30.2z,TCTATCTATCTATCTATCTATCTGTCTGTCTGTCTGTCTGTCTGTCTATCTATCTATATCTATCTATCATCTATCTATCCATATCTATCTATCTATCTATCTATCTATCTATCTATCTATCTATCTATATCTA
D21S11,30.3,30.3ai,TCTATCTATCTATCTATCTATCTATCTGTCTGTCTGTCTGTCTGTCTATCTATCTATATCTATCTATCTATCATCTATCTATCCATATCTATCTATCTATCTATCTATCATCTATCTATCTATCTATCTATCTA
D21S11,31,31b,TCTATCTATCTATCTATCTGTCTGTCTGTCTGTCTGTCTGTCTATCTATCTATATCTATCTATCTATCATCTATCTATCCATATCTATCTATCTATCTATCTATCTATCTATCTATCTATCTATCTATCTATCTA
D21S11,31,31e,TCTATCTATCTATCTATCTATCTGTCTGTCTGTCTGTCTGTCTGTCTATCTATCTATATCTATCTATCTATCATCTATCTATCCATATCTATCTATCTATCTATCTATCTATCTATCTATCTATCTATCTATCTA
D21S11,31,31g,TCTATCTATCTATCTATCTATCTATCTGTCTGTCTGTCTGTCTGTCTATCTATCTATATCTATCTATCTATCATCTATCTATCCATATCTATCTATCTATCTATCTATCTATCTATCTATCTATCTATCTATCTA
D21S11,31,31h,TCTATCTATCTATCTATCTATCTATCTGTCTGTCTGTCTGTCTGTCTGTCTATCTATCTATATCTATCTATCTATCATCTATCTATCCATATCTATCTATCTATCTATCTATCTATCTATCTATCTATCTATCTA
D21S11,31,31j,TCTATCTATCTATCTATCTATCTATCTATCTGTCTGTCTGTCTGTCTGTCTATCTATCTATATCTATCTATCTATCATCTATCTATCCATATCTATCTATCTATCTATCTATCTATCTATCTATCTATCTATCTA
D21S11,31,31k,TCTATCTATCTATCTATCTATCTATCTATCTGTCTGTCTGTCTGTCTGTCTGTCTATCTATCTATATCTATCTATCTATCATCTATCTATCCATATCTATCTATCTATCTATCTATCTATCTATCTATCTATCTA
D21S11,31,31ab,TCTATCTATATATCTATCTATCTATCTGTCTGTCTGTCTGTCTGTCTATCTATCTATATCTATCTATCTATCATCTATCTATCCATATCTATCTATCTATCTATCTATCTATCTATCTATCTATCTATCTATCTA
D21S11,31,31af,TCTATCTATCTATCTATCTATCTGTCTGTCTGTCTGTCTGTCTGTCTATCTATCTATATCTATCTATCATCTATCTATCCATATCTATCTATCTATCTATCTATCTATCTATCTATCTATCTATCTATCTATCTA
D21S11,31,31aj,TCTATCTATCTATCTATCTATCTATCTATCTATCTGTCTGTCTGTCTGTCTGTCTATCTATCTATATCTATCTATCTATCATCTATCTATCCATATCTATCTATCTATCTATCTATCTATCTATCTATCTATCTA
D21S11,31.1,31.1ak,TCTATCTATCTATCTATCTATCTGTCTGTCTGTCTGTCTGTCTGTCTATCTATCTATATCTATCTATCATCTATCTATCCATATCTATCTATCTATCTATCTATCTATCTATCTATCTATCTATCTATCTAATCTA
D21S11,31.2,31.2n,TCTATCTATCTATCTATCTGTCTGTCTGTCTGTCTGTCTGTCTATCTATCTATATCTATCTATCTATCATCTATCTATCCATATCTATCTATCTATCTATCTATCTATCTATCTATCTATCTATCTATCTATATCTA
D21S11,31.2,31.2p,TCTATCTATCTATCTATCTATCTGTCTGTCTGTCTGTCTGTCTATCTATCTATATCTATCTATCTATCATCTATCTATCCATATCTATCTATCTATCTATCTATCTATCTATCTATCTATCTATCTATCTATATCTA
D21S11,31.2,31.2q,TCTATCTATCTATCTATCTATCTGTCTGTCTGTCTGTCTGTCTGTCTATCTATCTATATCTATCTATCTATCATCTATCTATCCATATCTATCTATCTATCTATCTATCTATCTATCTATCTATCTATCTATATCTA
D21S11,31.2,31.2t,TCTATCTATCTATCTATCTATCTATCTGTCTGTCTGTCTGTCTGTCTGTCTATCTATCTATATCTATCTATCTATCATCTATCTATCCATATCTATCTATCTATCTATCTATCTATCTATCTATCTATCTATATCTA
D21S11,31.2,31.2ag,TCTATCTATCTATCTATCTATCTGTCTGTCTGTCTGTCTGTCTGTCTATCTATCTATATCTATCTATCATCTATCTATCCATATCTATCTATCTATCTATCTATCTATCTATCTATCTATCTATCTATCTATATCTA
D21S11,32,32e,TCTATCTATCTATCTATCTATCTGTCTGTCTGTCTGTCTGTCTGTCTATCTATCTATATCTATCTATCTATCATCTATCTATCCATATCTATCTATCTATCTATCTATCTATCTATCTATCTATCTATCTATCTATCTA
D21S11,32,32f,TCTATCTATCTATCTATCTATCTGTCTGTCTGTCTGTCTGTCTGTCTGTCTATCTATCTATATCTATCTATCTATCATCTATCTATCCATATCTATCTATCTATCTATCTATCTATCTATCTATCTATCTATCTATCTA
D21S11,32,32g,TCTATCTATCTATCTATCTATCTATCTGTCTGTCTGTCTGTCTGTCTATCTATCTATATCTATCTATCTATCATCTATCTATCCATATCTATCTATCTATCTATCTATCTATCTATCTATCTATCTATCTATCTATCTA
D21S11,32,32h,TCTATCTATCTATCTATCTATCTATCTGTCTGTCTGTCTGTCTGTCTGTCTATCTATCTATATCTATCTATCTATCATCTATCTATCCATATCTATCTATCTATCTATCTATCTATCTATCTATCTATCTATCTATCTA
D21S11,32,32j,TCTATCTATCTATCTATCTATCTATCTATCTGTCTGTCTGTCTGTCTGTCTATCTATCTATATCTATCTATCTATCATCTATCTATCCATATCTATCTATCTATCTATCTATCTATCTATCTATCTATCTATCTATCTA
D21S11,32,32k,TCTATCTATCTATCTATCTATCTATCTATCTGTCTGTCTGTCTGTCTGTCTGTCTATCTATCTATATCTATCTATCTATCATCTATCTATCCATATCTATCTATCTATCTATCTATCTATCTATCTATCTATCTATCTA
D21S11,32,32aj,TCTATCTATCTATCTATCTATCTATCTATCTATCTGTCTGTCTGTCTGTCTGTCTATCTATCTATATCTATCTATCTATCATCTATCTATCCATATCTATCTATCTATCTATCTATCTATCTATCTATCTATCTATCTA
D21S11,32,32al,TCTATCTATCTATCTATCTATCTATCTATCTATCTGTCTGTCTGTCTGTCTATCTATCTATATCTATCTATCTATCATCTATCTATCCATATCTATCTATCTATCTATCTATCTATCTATCTATCTATCTATCTATCTA
D21S11,32,32am,TCTATCTATCTATCTATCTATCTATCTATCTATCTGTCTGTCTGTCTGTCTGTCTGTCTATCTATCTATATCTATCTATCTATCATCTATCTATCCATATCTATCTATCTATCTATCTATCTATCTATCTATCTATCTA
D21S11,32,32an,TCTATCTATCTATCTATCTATCTATCTATCTATCTATCTGTCTGTCTGTCTGTCTGTCTATCTATCTATATCTATCTATCTATCATCTATCTATCCATATCTATCTATCTATCTATCTATCTATCTATCTATCTATCTA
D21S11,32.2,32.2n,TCTATCTATCTATCTATCTGTCTGTCTGTCTGTCTGTCTGTCTATCTATCTATATCTATCTATCTATCATCTATCTATCCATATCTATCTATCTATCTATCTATCTATCTATCTATCTATCTATCTATCTATCTATATCTA
D21S11,32.2,32.2p,TCTATCTATCTATCTATCTATCTGTCTGTCTGTCTGTCTGTCTATCTATCTATATCTATCTATCTATCATCTATCTATCCATATCTATCTATCTATCTATCTATCTATCTATCTATCTATCTATCTATCTATCTATATCTA
D21S11,32.2,32.2q,TCTATCTATCTATCTATCTATCTGTCTGTCTGTCTGTCTGTCTGTCTATCTATCTATATCTATCTATCTATCATCTATCTATCCATATCTATCTATCTATCTATCTATCTATCTATCTATCTATCTATCTATCTATATCTA
D21S11,32.2,32.2t,TCTATCTATCTATCTATCTATCTATCTGTCTGTCTGTCTGTCTGTCTGTCTATCTATCTATATCTATCTATCTATCATCTATCTATCCATATCTATCTATCTATCTATCTATCTATCTATCTATCTATCTATCTATATCTA
D21S11,32.2,32.2ag,TCTATCTATCTATCTATCTATCTGTCTGTCTGTCTGTCTGTCTGTCTATCTATCTATATCTATCTATCATCTATCTATCCATATCTATCTATCTATCTATCTATCTATCTATCTATCTATCTATCTATCTATCTATATCTA
D21S11,32.2,32.2ao,TCTATCTATCTATCTATCTATCTGTCTGTCTGTCTGTCTGTCTGTCTATCTATCTATATCTATCTATCTATCTATCATCTATCTATCCATATCTATCTATCTATCTATCTATCTATCTATCTATCTATCTATCTATATCTA
D21S11,33,33e,TCTATCTATCTATCTATCTATCTGTCTGTCTGTCTGTCTGTCTGTCTATCTATCTATATCTATCTATCTATCATCTATCTATCCATATCTATCTATCTATCTATCTATCTATCTATCTATCTATCTATCTATCTATCTATCTA
D21S11,33,33g,TCTATCTATCTATCTATCTATCTATCTGTCTGTCTGTCTGTCTGTCTATCTATCTATATCTATCTATCTATCATCTATCTATCCATATCTATCTATCTATCTATCTATCTATCTATCTATCTATCTATCTATCTATCTATCTA
D21S11,33,33h,TCTATCTATCTATCTATCTATCTATCTGTCTGTCTGTCTGTCTGTCTGTCTATCTATCTATATCTATCTATCTATCATCTATCTATCCATATCTATCTATCTATCTATCTATCTATCTATCTATCTATCTATCTATCTATCTA
D21S11,33,33ap,TCTATCTATCTATCTATCTATCTATCTATCTATCTATCTATCTGTCTGTCTGTCTGTCTATCTATCTATATCTATCTATCTATCATCTATCTATCCATATCTATCTATCTATCTATCTATCTATCTATCTATCTATCTATCTA
D21S11,33.1,33.1aq,TCTATCTATCTATCTATCTATCTGTCTGTCTGTCTGTCTGTCTGTCTATCTATCTATATCTATCTATCTATCATCTATCTATCCATATCTATCTATCTATCTATCTATCTATCATCTATCTATCTATCTATCTATCTATATCTA
D21S11,33.2,33.2q,TCTATCTATCTATCTATCTATCTGTCTGTCTGTCTGTCTGTCTGTCTATCTATCTATATCTATCTATCTATCATCTATCTATCCATATCTATCTATCTATCTATCTATCTATCTATCTATCTATCTATCTATCTATCTATATCTA
D21S11,33.2,33.2r,TCTATCTATCTATCTATCTATCTATCTGTCTGTCTGTCTGTCTGTCTGTCTATCTATCTATATCTATCTATCTATCATCTATCTATCCATATCTATCTATCTATCTATCTATCTATCTATCTATCTATCTATCTATCTATATCTA
D21S11,33.2,33.2t,TCTATCTATCTATCTATCTATCTATCTGTCTGTCTGTCTGTCTGTCTGTCTATCTATCTATATCTATCTATCTATCATCTATCTATCCATATCTATCTATCTATCTATCTATCTATCTATCTATCTATCTATCTATCTATATCTA
D21S11,34,34ar,TCTATCTATCTATCTATCTATCTATCTATCTATCTATCTATCTGTCTGTCTGTCTGTCTGTCTATCTATCTATATCTATCTATCTATCATCTATCTATCCATATCTATCTATCTATCTATCTATCTATCTATCTATCTATCTATCTA
D21S11,34.2,34.2q,TCTATCTATCTATCTATCTATCTGTCTGTCTGTCTGTCTGTCTGTCTATCTATCTATATCTATCTATCTATCATCTATCTATCCATATCTATCTATCTATCTATCTATCTATCTATCTATCTATCTATCTATCTATCTATCTATATCTA
D21S11,34.2,34.2r,TCTATCTATCTATCTATCTATCTGTCTGTCTGTCTGTCTGTCTGTCTGTCTATCTATCTATATCTATCTATCTATCATCTATCTATCCATATCTATCTATCTATCTATCTATCTATCTATCTATCTATCTATCTATCTATCTATATCTA
D21S11,34.2,34.2t,TCTATCTATCTATCTATCTATCTATCTGTCTGTCTGTCTGTCTGTCTGTCTATCTATCTATATCTATCTATCTATCATCTATCTATCCATATCTATCTATCTATCTATCTATCTATCTATCTATCTATCTATCTATCTATCTATATCTA
D21S11,35,35ar,TCTATCTATCTATCTATCTATCTATCTATCTATCTATCTATCTGTCTGTCTGTCTGTCTGTCTATCTATCTATATCTATCTATCTATCATCTATCTATCCATATCTATCTATCTATCTATCTATCTATCTATCTATCTATCTATCTATCTA
D21S11,35,35as,TCTATCTATCTATCTATCTATCTATCTATCTATCTATCTGTCTGTCTGTCTGTCTGTCTGTCTGTCTGTCTATCTATCTATATCTATCTATCTATCATCTATCTATCCATATCTATCTATCTATCTATCTATCTATCTATCTATCTATCTA
D21S11,35,35at,TCTATCTATCTATCTATCTATCTATCTATCTATCTATCTATCTATCTGTCTGTCTGTCTGTCTGTCTATCTATCTATATCTATCTATCTATCATCTATCTATCCATATCTATCTATCTATCTATCTATCTATCTATCTATCTATCTATCTA
D21S11,35,35au,TCTATCTATCTATCTATCTATCTGTCTGTCTGTCTGTCTGTCTGTCTATCTATCTATATCTATCTATCTATCATCTATCTATCCATATCTATCTATCTATCTATCTATCTATCTATCTATCATCTATCTATCTATCATCTATCTATATCTA
D21S11,35.2,35.2q,TCTATCTATCTATCTATCTATCTGTCTGTCTGTCTGTCTGTCTGTCTATCTATCTATATCTATCTATCTATCATCTATCTATCCATATCTATCTATCTATCTATCTATCTATCTATCTATCTATCTATCTATCTATCTATCTATCTATATCTA
D21S11,36,36at,TCTATCTATCTATCTATCTATCTATCTATCTATCTATCTATCTATCTGTCTGTCTGTCTGTCTGTCTATCTATCTATATCTATCTATCTATCATCTATCTATCCATATCTATCTATCTATCTATCTATCTATCTATCTATCTATCTCTATATCTA
D21S11,36,36av,TCTATCTATCTATCTATCTATCTATCTATCTATCTATCTATCTGTCTGTCTGTCTGTCTGTCTGTCTGTCTGTCTATCTATCTATATCTATCTATCTATCATCTATCTATCCATATCTATCTATCTATCTATCTATCTATCTATCTATCTATCTA
D21S11,36,36aw,TCTATCTATCTATCTATCTATCTATCTATCTATCTATCTATCTGTCTGTCTGTCTGTCTGTCTGTCTGTCTATCTATCTATATCTATCTATCTATCATCTATCTATCCATATCTATCTATCTATCTATCTATCTATCTATCTATCTATCTATCTA
D22S1045,8,8a,ATTATTATTATTATTACTATTATT
D22S1045,9,9a,ATTATTATTATTATTATTACTATTATT
D22S1045,10,10a,ATTATTATTATTATTATTATTACTATTATT
D22S1045,11,11a,ATTATTATTATTATTATTATTATTACTATTATT
D22S1045,12,12a,ATTATTATTATTATTATTATTATTATTACTATTATT
D22S1045,13,13a,ATTATTATTATTATTATTATTATTATTATTACTATTATT
D22S1045,14,14a,ATTATTATTATTATTATTATTATTATTATTATTACTATTATT
D22S1045,14,14b,ATTATTATTATTATTATTATTATTATTATTATTATTATTATT
D22S1045,15,15a,ATTATTATTATTATTATTATTATTATTATTATTATTACTATTATT
D22S1045,16,16a,ATTATTATTATTATTATTATTATTATTATTATTATTATTACTATTATT
D22S1045,17,17a,ATTATTATTATTATTATTATTATTATTATTATTATTATTATTACTATTATT
D22S1045,18,18a,ATTATTATTATTATTATTATTATTATTATTATTATTATTATTATTACTATTATT
D2S1338,15,15a,TGCCTGCCTGCCTGCCTTCCTTCCTTCCTTCCTTCCTTCCTTCCTTCCTTCCTTCCTTCC
D2S1338,15,15b,TGCCTGCCTGCCTGCCTGCCTTCCTTCCTTCCTTCCTTCCTTCCTTCCTTCCTTCCTTCC
D2S1338,16,16a,TGCCTGCCTGCCTGCCTTCCTTCCTTCCTTCCTTCCTTCCTTCCTTCCTTCCTTCCTTCCTTCC
D2S1338,16,16b,TGCCTGCCTGCCTGCCTGCCTTCCTTCCTTCCTTCCTTCCTTCCTTCCTTCCTTCCTTCCTTCC
D2S1338,16,16c,TGCCTGCCTGCCTGCCTGCCTGCCTTCCTTCCTTCCTTCCTTCCTTCCTTCCTTCCTTCCTTCC
D2S1338,16,16f,TGCCTGCCTGCCTGCCTGCCTGCCTGCCTTCCTTCCTTCCTTCCTTCCTTCCTTCCTTCCTTCC
D2S1338,17,17a,TGCCTGCCTGCCTGCCTTCCTTCCTTCCTTCCTTCCTTCCTTCCTTCCTTCCTTCCTTCCTTCCTTCC
D2S1338,17,17b,TGCCTGCCTGCCTGCCTGCCTTCCTTCCTTCCTTCCTTCCTTCCTTCCTTCCTTCCTTCCTTCCTTCC
D2S1338,17,17c,TGCCTGCCTGCCTGCCTGCCTGCCTTCCTTCCTTCCTTCCTTCCTTCCTTCCTTCCTTCCTTCCTTCC
D2S1338,17,17f,TGCCTGCCTGCCTGCCTGCCTGCCTGCCTTCCTTCCTTCCTTCCTTCCTTCCTTCCTTCCTTCCTTCC
D2S1338,18,18a,TGCCTGCCTGCCTGCCTTCCTTCCTTCCTTCCTTCCTTCCTTCCTTCCTTCCTTCCTTCCTTCCTTCCTTCC
D2S1338,18,18b,TGCCTGCCTGCCTGCCTGCCTTCCTTCCTTCCTTCCTTCCTTCCTTCCTTCCTTCCTTCCTTCCTTCCTTCC
D2S1338,18,18c,TGCCTGCCTGCCTGCCTGCCTGCCTTCCTTCCTTCCTTCCTTCCTTCCTTCCTTCCTTCCTTCCTTCCTTCC
D2S1338,18,18d,TGCCTGCCTGCCTGCCTGCCTGCCTTCCTTCCTTCCTTCCTTCCTTCCTTCCTTCCTTCCGTCCTTCCTTCC
D2S1338,18,18f,TGCCTGCCTGCCTGCCTGCCTGCCTGCCTTCCTTCCTTCCTTCCTTCCTTCCTTCCTTCCTTCCTTCCTTCC
D2S1338,19,19b,TGCCTGCCTGCCTGCCTGCCTTCCTTCCTTCCTTCCTTCCTTCCTTCCTTCCTTCCTTCCTTCCTTCCTTCCTTCC
D2S1338,19,19c,TGCCTGCCTGCCTGCCTGCCTGCCTTCCTTCCTTCCTTCCTTCCTTCCTTCCTTCCTTCCTTCCTTCCTTCCTTCC
D2S1338,19,19d,TGCCTGCCTGCCTGCCTGCCTGCCTTCCTTCCTTCCTTCCTTCCTTCCTTCCTTCCTTCCTTCCGTCCTTCCTTCC
D2S1338,19,19f,TGCCTGCCTGCCTGCCTGCCTGCCTGCCTTCCTTCCTTCCTTCCTTCCTTCCTTCCTTCCTTCCTTCCTTCCTTCC
D2S1338,19,19g,TGCCTGCCTGCCTGCCTGCCTGCCTGCCTTCCTTCCTTCCTTCCTTCCTTCCTTCCTTCCTTCCGTCCTTCCTTCC
D2S1338,19,19i,TGCCTGCCTGCCTGCCTGCCTGCCTGCCTGCCTTCCTTCCTTCCTTCCTTCCTTCCTTCCTTCCTTCCTTCCTTCC
D2S1338,19,19l,TGCCTGCCTGCCTGCCTGCCTGCCTGCCTTCCTTCCTTTCTTCCTTCCTTCCTTCCTTCCTTCCTTCCTTCCTTCC
D2S1338,20,20a,TGCCTGCCTGCCTGCCTTCCTTCCTTCCTTCCTTCCTTCCTTCCTTCCTTCCTTCCTTCCTTCCTTCCTTCCTTCCTTCC
D2S1338,20,20b,TGCCTGCCTGCCTGCCTGCCTTCCTTCCTTCCTTCCTTCCTTCCTTCCTTCCTTCCTTCCTTCCTTCCTTCCTTCCTTCC
D2S1338,20,20c,TGCCTGCCTGCCTGCCTGCCTGCCTTCCTTCCTTCCTTCCTTCCTTCCTTCCTTCCTTCCTTCCTTCCTTCCTTCCTTCC
D2S1338,20,20d,TGCCTGCCTGCCTGCCTGCCTGCCTTCCTTCCTTCCTTCCTTCCTTCCTTCCTTCCTTCCTTCCTTCCGTCCTTCCTTCC
D2S1338,20,20f,TGCCTGCCTGCCTGCCTGCCTGCCTGCCTTCCTTCCTTCCTTCCTTCCTTCCTTCCTTCCTTCCTTCCTTCCTTCCTTCC
D2S1338,20,20g,TGCCTGCCTGCCTGCCTGCCTGCCTGCCTTCCTTCCTTCCTTCCTTCCTTCCTTCCTTCCTTCCTTCCGTCCTTCCTTCC
D2S1338,20,20h,TGCCTGCCTGCCTGCCTGCCTGCCTGCCTCCCTTCCTTCCTTCCTTCCTTCCTTCCTTCCTTCCTTCCTTCCTTCCTTCC
D2S1338,20,20i,TGCCTGCCTGCCTGCCTGCCTGCCTGCCTGCCTTCCTTCCTTCCTTCCTTCCTTCCTTCCTTCCTTCCTTCCTTCCTTCC
D2S1338,20,20l,TGCCTGCCTGCCTGCCTGCCTGCCTGCCTTCCTTCCTTTCTTCCTTCCTTCCTTCCTTCCTTCCTTCCTTCCTTCCTTCC
D2S1338,21,21c,TGCCTGCCTGCCTGCCTGCCTGCCTTCCTTCCTTCCTTCCTTCCTTCCTTCCTTCCTTCCTTCCTTCCTTCCTTCCTTCCTTCC
D2S1338,21,21d,TGCCTGCCTGCCTGCCTGCCTGCCTTCCTTCCTTCCTTCCTTCCTTCCTTCCTTCCTTCCTTCCTTCCTTCCGTCCTTCCTTCC
D2S1338,21,21f,TGCCTGCCTGCCTGCCTGCCTGCCTGCCTTCCTTCCTTCCTTCCTTCCTTCCTTCCTTCCTTCCTTCCTTCCTTCCTTCCTTCC
D2S1338,21,21g,TGCCTGCCTGCCTGCCTGCCTGCCTGCCTTCCTTCCTTCCTTCCTTCCTTCCTTCCTTCCTTCCTTCCTTCCGTCCTTCCTTCC
D2S1338,21,21i,TGCCTGCCTGCCTGCCTGCCTGCCTGCCTGCCTTCCTTCCTTCCTTCCTTCCTTCCTTCCTTCCTTCCTTCCTTCCTTCCTTCC
D2S1338,21,21l,TGCCTGCCTGCCTGCCTGCCTGCCTGCCTTCCTTCCTTTCTTCCTTCCTTCCTTCCTTCCTTCCTTCCTTCCTTCCTTCCTTCC
D2S1338,22,22d,TGCCTGCCTGCCTGCCTGCCTGCCTTCCTTCCTTCCTTCCTTCCTTCCTTCCTTCCTTCCTTCCTTCCTTCCTTCCGTCCTTCCTTCC
D2S1338,22,22f,TGCCTGCCTGCCTGCCTGCCTGCCTGCCTTCCTTCCTTCCTTCCTTCCTTCCTTCCTTCCTTCCTTCCTTCCTTCCTTCCTTCCTTCC
D2S1338,22,22g,TGCCTGCCTGCCTGCCTGCCTGCCTGCCTTCCTTCCTTCCTTCCTTCCTTCCTTCCTTCCTTCCTTCCTTCCTTCCGTCCTTCCTTCC
D2S1338,22,22i,TGCCTGCCTGCCTGCCTGCCTGCCTGCCTGCCTTCCTTCCTTCCTTCCTTCCTTCCTTCCTTCCTTCCTTCCTTCCTTCCTTCCTTCC
D2S1338,22,22m,TGCCTGCCTGCCTGCCTGCCTGCCTGCCTGCCTGCCTTCCTTCCTTCCTTCCTTCCTTCCTTCCTTCCTTCCTTCCTTCCTTCCTTCC
D2S1338,22,22n,TGCCTGCCTGCCTGCCTGCCTTCCTTCCTTCCTTCCTTCCTTCCTTCCTTCCTTCCTTCCTTCCTTCCTTCCTTCCGTCCTTCCTTCC
D2S1338,23,23d,TGCCTGCCTGCCTGCCTGCCTGCCTTCCTTCCTTCCTTCCTTCCTTCCTTCCTTCCTTCCTTCCTTCCTTCCTTCCTTCCGTCCTTCCTTCC
D2S1338,23,23f,TGCCTGCCTGCCTGCCTGCCTGCCTGCCTTCCTTCCTTCCTTCCTTCCTTCCTTCCTTCCTTCCTTCCTTCCTTCCTTCCTTCCTTCCTTCC
D2S1338,23,23g,TGCCTGCCTGCCTGCCTGCCTGCCTGCCTTCCTTCCTTCCTTCCTTCCTTCCTTCCTTCCTTCCTTCCTTCCTTCCTTCCGTCCTTCCTTCC
D2S1338,23,23j,TGCCTGCCTGCCTGCCTGCCTGCCTGCCTGCCTTCCTTCCTTCCTTCCTTCCTTCCTTCCTTCCTTCCTTCCTTCCTTCCGTCCTTCCTTCC
D2S1338,23,23m,TGCCTGCCTGCCTGCCTGCCTGCCTGCCTGCCTGCCTTCCTTCCTTCCTTCCTTCCTTCCTTCCTTCCTTCCTTCCTTCCTTCCTTCCTTCC
D2S1338,23,23n,TGCCTGCCTGCCTGCCTGCCTTCCTTCCTTCCTTCCTTCCTTCCTTCCTTCCTTCCTTCCTTCCTTCCTTCCTTCCTTCCGTCCTTCCTTCC
D2S1338,23,23o,TGCCTGCCTGCCTGCCTGCCTGCCTGCCTTCCTTCCTTCCTTCCTTCCTTCCTTCCTTCCTTCCTTCCTTCCTTCCTTCTGTCCTTCCTTCC
D2S1338,24,24d,TGCCTGCCTGCCTGCCTGCCTGCCTTCCTTCCTTCCTTCCTTCCTTCCTTCCTTCCTTCCTTCCTTCCTTCCTTCCTTCCTTCCGTCCTTCCTTCC
D2S1338,24,24g,TGCCTGCCTGCCTGCCTGCCTGCCTGCCTTCCTTCCTTCCTTCCTTCCTTCCTTCCTTCCTTCCTTCCTTCCTTCCTTCCTTCCGTCCTTCCTTCC
D2S1338,24,24j,TGCCTGCCTGCCTGCCTGCCTGCCTGCCTGCCTTCCTTCCTTCCTTCCTTCCTTCCTTCCTTCCTTCCTTCCTTCCTTCCTTCCGTCCTTCCTTCC
D2S1338,24,24m,TGCCTGCCTGCCTGCCTGCCTGCCTGCCTGCCTGCCTTCCTTCCTTCCTTCCTTCCTTCCTTCCTTCCTTCCTTCCTTCCTTCCTTCCTTCCTTCC
D2S1338,25,25d,TGCCTGCCTGCCTGCCTGCCTGCCTTCCTTCCTTCCTTCCTTCCTTCCTTCCTTCCTTCCTTCCTTCCTTCCTTCCTTCCTTCCTTCCGTCCTTCCTTCC
D2S1338,25,25g,TGCCTGCCTGCCTGCCTGCCTGCCTGCCTTCCTTCCTTCCTTCCTTCCTTCCTTCCTTCCTTCCTTCCTTCCTTCCTTCCTTCCTTCCGTCCTTCCTTCC
D2S1338,25,25j,TGCCTGCCTGCCTGCCTGCCTGCCTGCCTGCCTTCCTTCCTTCCTTCCTTCCTTCCTTCCTTCCTTCCTTCCTTCCTTCCTTCCTTCCGTCCTTCCTTCC
D2S1338,25,25m,TGCCTGCCTGCCTGCCTGCCTGCCTGCCTGCCTGCCTTCCTTCCTTCCTTCCTTCCTTCCTTCCTTCCTTCCTTCCTTCCTTCCTTCCTTCCTTCCTTCC
D2S1338,26,26d,TGCCTGCCTGCCTGCCTGCCTGCCTTCCTTCCTTCCTTCCTTCCTTCCTTCCTTCCTTCCTTCCTTCCTTCCTTCCTTCCTTCCTTCCTTCCGTCCTTCCTTCC
D2S1338,26,26g,TGCCTGCCTGCCTGCCTGCCTGCCTGCCTTCCTTCCTTCCTTCCTTCCTTCCTTCCTTCCTTCCTTCCTTCCTTCCTTCCTTCCTTCCTTCCGTCCTTCCTTCC
D2S1338,26,26j,TGCCTGCCTGCCTGCCTGCCTGCCTGCCTGCCTTCCTTCCTTCCTTCCTTCCTTCCTTCCTTCCTTCCTTCCTTCCTTCCTTCCTTCCTTCCGTCCTTCCTTCC
D2S1338,27,27d,TGCCTGCCTGCCTGCCTGCCTGCCTTCCTTCCTTCCTTCCTTCCTTCCTTCCTTCCTTCCTTCCTTCCTTCCTTCCTTCCTTCCTTCCTTCCTTCCGTCCTTCCTTCC
D2S1338,27,27g,TGCCTGCCTGCCTGCCTGCCTGCCTGCCTTCCTTCCTTCCTTCCTTCCTTCCTTCCTTCCTTCCTTCCTTCCTTCCTTCCTTCCTTCCTTCCTTCCGTCCTTCCTTCC
D2S1338,27,27j,TGCCTGCCTGCCTGCCTGCCTGCCTGCCTGCCTTCCTTCCTTCCTTCCTTCCTTCCTTCCTTCCTTCCTTCCTTCCTTCCTTCCTTCCTTCCTTCCGTCCTTCCTTCC
D2S1338,28,28g,TGCCTGCCTGCCTGCCTGCCTGCCTGCCTTCCTTCCTTCCTTCCTTCCTTCCTTCCTTCCTTCCTTCCTTCCTTCCTTCCTTCCTTCCTTCCTTCCTTCCGTCCTTCCTTCC
D2S441,8,8a,TCTATCTATCTATCTATCTATCTATCTATCTA
D2S441,9.1,9.1e,ATCTATCTATCTATCTATCTATCTATCTATCTATCTA
D2S441,9.1,9.1f,ATCTATCTATCTATCTATCTATCTATCTATCTATTTA
D2S441,10,10a,TCTATCTATCTATCTATCTATCTATCTATCTATCTATCTA
D2S441,10,10b,TCTATCTATCTATCTATCTATCTATCTATCTATCTGTCTA
D2S441,10,10c,TCTATCTATCTATCTATCTATCTATCTATTTATCTATCTA
D2S441,10.1,10.1e,ATCTATCTATCTATCTATCTATCTATCTATCTATCTATCTA
D2S441,11,11a,TCTATCTATCTATCTATCTATCTATCTATCTATCTATCTATCTA
D2S441,11,11b,TCTATCTATCTATCTATCTATCTATCTATCTATCTATCTGTCTA
D2S441,11.3,11.3d,TCTATCTATCTATCTATCATCTATCTATCTATCTATCTATCTATCTA
D2S441,11.3,11.3g,TCTATCTATCTATCATCTATCTATCTATCTATCTATCTATCTATCTA
D2S441,12,12a,TCTATCTATCTATCTATCTATCTATCTATCTATCTATCTATCTATCTA
D2S441,12,12b,TCTATCTATCTATCTATCTATCTATCTATCTATCTATCTATCTGTCTA
D2S441,12,12c,TCTATCTATCTATCTATCTATCTATCTATCTATCTATTTATCTATCTA
D2S441,12.3,12.3d,TCTATCTATCTATCTATCATCTATCTATCTATCTATCTATCTATCTATCTA
D2S441,13,13a,TCTATCTATCTATCTATCTATCTATCTATCTATCTATCTATCTATCTATCTA
D2S441,13,13c,TCTATCTATCTATCTATCTATCTATCTATCTATCTATCTATTTATCTATCTA
D2S441,13.3,13.3g,TCTATCTATCTATCATCTATCTATCTATCTATCTATCTATCTATCTATCTATCTA
D2S441,14,14c,TCTATCTATCTATCTATCTATCTATCTATCTATCTATCTATCTATTTATCTATCTA
D2S441,14.3,14.3g,TCTATCTATCTATCATCTATCTATCTATCTATCTATCTATCTATCTATCTATCTATCTA
D2S441,15,15c,TCTATCTATCTATCTATCTATCTATCTATCTATCTATCTATCTATCTATTTATCTATCTA
D2S441,16,16c,TCTATCTATCTATCTATCTATCTATCTATCTATCTATCTATCTATCTATCTATTTATCTATCTA
D3S1358,9,9b,TCTATCTGTCTGTCTATCTATCTATCTATCTATCTA
D3S1358,11,11b,TCTATCTGTCTGTCTATCTATCTATCTATCTATCTATCTATCTA
D3S1358,12,12a,TCTATCTGTCTATCTATCTATCTATCTATCTATCTATCTATCTATCTA
D3S1358,13,13a,TCTATCTGTCTATCTATCTATCTATCTATCTATCTATCTATCTATCTATCTA
D3S1358,13,13b,TCTATCTGTCTGTCTATCTATCTATCTATCTATCTATCTATCTATCTATCTA
D3S1358,14,14a,TCTATCTGTCTATCTATCTATCTATCTATCTATCTATCTATCTATCTATCTATCTA
D3S1358,14,14b,TCTATCTGTCTGTCTATCTATCTATCTATCTATCTATCTATCTATCTATCTATCTA
D3S1358,14,14c,TCTATCTGTCTGTCTGTCTATCTATCTATCTATCTATCTATCTATCTATCTATCTA
D3S1358,15,15a,TCTATCTGTCTATCTATCTATCTATCTATCTATCTATCTATCTATCTATCTATCTATCTA
D3S1358,15,15b,TCTATCTGTCTGTCTATCTATCTATCTATCTATCTATCTATCTATCTATCTATCTATCTA
D3S1358,15,15c,TCTATCTGTCTGTCTGTCTATCTATCTATCTATCTATCTATCTATCTATCTATCTATCTA
D3S1358,15,15f,TCTATCTGTCTGTCTATCTATCTATCTATCTATCTAGCTATCTATCTATCTATCTATCTA
D3S1358,16,16a,TCTATCTGTCTATCTATCTATCTATCTATCTATCTATCTATCTATCTATCTATCTATCTATCTA
D3S1358,16,16b,TCTATCTGTCTGTCTATCTATCTATCTATCTATCTATCTATCTATCTATCTATCTATCTATCTA
D3S1358,16,16c,TCTATCTGTCTGTCTGTCTATCTATCTATCTATCTATCTATCTATCTATCTATCTATCTATCTA
D3S1358,17,17a,TCTATCTGTCTATCTATCTATCTATCTATCTATCTATCTATCTATCTATCTATCTATCTATCTATCTA
D3S1358,17,17b,TCTATCTGTCTGTCTATCTATCTATCTATCTATCTATCTATCTATCTATCTATCTATCTATCTATCTA
D3S1358,17,17c,TCTATCTGTCTGTCTGTCTATCTATCTATCTATCTATCTATCTATCTATCTATCTATCTATCTATCTA
D3S1358,17,17d,TCTATCTGTCTGTCTGTCTGTCTATCTATCTATCTATCTATCTATCTATCTATCTATCTATCTATCTA
D3S1358,17,17e,TCTATCTGTCTGTCTCTCTATCTATCTATCTATCTATCTATCTATCTATCTATCTATCTATCTATCTA
D3S1358,18,18a,TCTATCTGTCTATCTATCTATCTATCTATCTATCTATCTATCTATCTATCTATCTATCTATCTATCTATCTA
D3S1358,18,18b,TCTATCTGTCTGTCTATCTATCTATCTATCTATCTATCTATCTATCTATCTATCTATCTATCTATCTATCTA
D3S1358,18,18c,TCTATCTGTCTGTCTGTCTATCTATCTATCTATCTATCTATCTATCTATCTATCTATCTATCTATCTATCTA
D3S1358,18,18d,TCTATCTGTCTGTCTGTCTGTCTATCTATCTATCTATCTATCTATCTATCTATCTATCTATCTATCTATCTA
D3S1358,19,19c,TCTATCTGTCTGTCTGTCTATCTATCTATCTATCTATCTATCTATCTATCTATCTATCTATCTATCTATCTATCTA
D3S1358,19,19d,TCTATCTGTCTGTCTGTCTGTCTATCTATCTATCTATCTATCTATCTATCTATCTATCTATCTATCTATCTATCTA
D4S2408,8,8a,ATCTATCTATCTATCTATCTATCTATCTATCT
D4S2408,9,9a,ATCTATCTATCTATCTATCTATCTATCTATCTATCT
D4S2408,9,9b,ATCTGTCTATCTATCTATCTATCTATCTATCTATCT
D4S2408,10,10a,ATCTATCTATCTATCTATCTATCTATCTATCTATCTATCT
D4S2408,10,10b,ATCTGTCTATCTATCTATCTATCTATCTATCTATCTATCT
D4S2408,11,11a,ATCTATCTATCTATCTATCTATCTATCTATCTATCTATCTATCT
D4S2408,11.3,11.3c,ATCTATCTATCTATCTATCTATCTATCTATCTATCTATCATCTATCT
D4S2408,12,12a,ATCTATCTATCTATCTATCTATCTATCTATCTATCTATCTATCTATCT
D4S2408,13,13a,ATCTATCTATCTATCTATCTATCTATCTATCTATCTATCTATCTATCTATCT
D5S818,8,8b,AGATAGATAGATAGATAGATAGATAGATAGATAGAG
D5S818,8,8a,AGATAGATAGATAGATAGATAGATAGATAGATAGAT
D5S818,9,9a,AGATAGATAGATAGATAGATAGATAGATAGATAGATAGAT
D5S818,9,9b,AGATAGATAGATAGATAGATAGATAGATAGATAGATAGAG
D5S818,10,10a,AGATAGATAGATAGATAGATAGATAGATAGATAGATAGATAGAT
D5S818,10,10b,AGATAGATAGATAGATAGATAGATAGATAGATAGATAGATAGAG
D5S818,11,11a,AGATAGATAGATAGATAGATAGATAGATAGATAGATAGATAGATAGAT
D5S818,11,11b,AGATAGATAGATAGATAGATAGATAGATAGATAGATAGATAGATAGAG
D5S818,12,12a,AGATAGATAGATAGATAGATAGATAGATAGATAGATAGATAGATAGATAGAT
D5S818,12,12b,AGATAGATAGATAGATAGATAGATAGATAGATAGATAGATAGATAGATAGAG
D5S818,13,13a,AGATAGATAGATAGATAGATAGATAGATAGATAGATAGATAGATAGATAGATAGAT
D5S818,13,13b,AGATAGATAGATAGATAGATAGATAGATAGATAGATAGATAGATAGATAGATAGAG
D5S818,14,14a,AGATAGATAGATAGATAGATAGATAGATAGATAGATAGATAGATAGATAGATAGATAGAT
D5S818,14,14b,AGATAGATAGATAGATAGATAGATAGATAGATAGATAGATAGATAGATAGATAGATAGAG
D5S818,14,14c,AGATAGATAGATAGATAGATAGATAGATAGATAGATACATAGATAGATAGATAGATAGAG
D5S818,15,15a,AGATAGATAGATAGATAGATAGATAGATAGATAGATAGATAGATAGATAGATAGATAGATAGAT
D5S818,15,15b,AGATAGATAGATAGATAGATAGATAGATAGATAGATAGATAGATAGATAGATAGATAGATAGAG
D5S818,15,15c,AGATAGATAGATAGATAGATAGATAGATAGATAGATAGATACATAGATAGATAGATAGATAGAG
D5S818,16,16b,AGATAGATAGATAGATAGATAGATAGATAGATAGATAGATAGATAGATAGATAGATAGATAGATAGAG
D6S1043,10,10a,AGATAGATAGATAGATAGATAGATAGATAGATAGATAGAT
D6S1043,11,11a,AGATAGATAGATAGATAGATAGATAGATAGATAGATAGATAGAT
D6S1043,12,12a,AGATAGATAGATAGATAGATAGATAGATAGATAGATAGATAGATAGAT
D6S1043,13,13a,AGATAGATAGATAGATAGATAGATAGATAGATAGATAGATAGATAGATAGAT
D6S1043,13.2,13.2h,AGATAGATATAGATAGATAGATAGATAGATAGATAGATAGATAGATAGATAGAT
D6S1043,14,14a,AGATAGATAGATAGATAGATAGATAGATAGATAGATAGATAGATAGATAGATAGAT
D6S1043,14,14d,AGATAGATAGATAGATAGATAGATAGATAGATAGATAGATAGATAGATACATAGAT
D6S1043,15,15a,AGATAGATAGATAGATAGATAGATAGATAGATAGATAGATAGATAGATAGATAGATAGAT
D6S1043,15,15b,AGATAGATAGATAGATAGATAGATAGATAGATAGATACATAGATAGATAGATAGATAGAT
D6S1043,15,15d,AGATAGATAGATAGATAGATAGATAGATAGATAGATAGATAGATAGATAGATACATAGAT
D6S1043,15,15f,AGATAGATATATAGATAGATAGATAGATAGATAGATAGATAGATAGATAGATAGATAGAT
D6S1043,16,16a,AGATAGATAGATAGATAGATAGATAGATAGATAGATAGATAGATAGATAGATAGATAGATAGAT
D6S1043,16,16b,AGATAGATAGATAGATAGATAGATAGATAGATAGATAGATACATAGATAGATAGATAGATAGAT
D6S1043,16,16d,AGATAGATAGATAGATAGATAGATAGATAGATAGATAGATAGATAGATAGATAGATACATAGAT
D6S1043,17,17b,AGATAGATAGATAGATAGATAGATAGATAGATAGATAGATAGATACATAGATAGATAGATAGATAGAT
D6S1043,17,17d,AGATAGATAGATAGATAGATAGATAGATAGATAGATAGATAGATAGATAGATAGATAGATACATAGAT
D6S1043,17,17g,AGATAGATACATAGATAGATAGATAGATAGATAGATAGATAGATACATAGATAGATAGATAGATAGAT
D6S1043,18,18b,AGATAGATAGATAGATAGATAGATAGATAGATAGATAGATAGATAGATACATAGATAGATAGATAGATAGAT
D6S1043,18,18e,AGATAGATAGATAGATAGATAGATAGATAGATAGATAGATAGATAGATAGATACATAGATAGATAGATAGAT
D6S1043,18,18i,AGATAGATAGATAGATAGATAGATAGATAGATAGATAGATAGATACATAGATAGATAGATAGATAGATAGAT
D6S1043,19,19b,AGATAGATAGATAGATAGATAGATAGATAGATAGATAGATAGATAGATAGATACATAGATAGATAGATAGATAGAT
D6S1043,19.3,19.3c,AGATAGATAGATAGATAGATAGATAGATAGATAGATAGATAGATGATAGATAGATACATAGATAGATAGATAGATAGAT
D6S1043,20,20b,AGATAGATAGATAGATAGATAGATAGATAGATAGATAGATAGATAGATAGATAGATACATAGATAGATAGATAGATAGAT
D6S1043,20,20i,AGATAGATAGATAGATAGATAGATAGATAGATAGATAGATAGATAGATAGATACATAGATAGATAGATAGATAGATAGAT
D6S1043,20.3,20.3c,AGATAGATAGATAGATAGATAGATAGATAGATAGATAGATAGATAGATGATAGATAGATACATAGATAGATAGATAGATAGAT
D6S1043,21,21b,AGATAGATAGATAGATAGATAGATAGATAGATAGATAGATAGATAGATAGATAGATAGATACATAGATAGATAGATAGATAGAT
D6S1043,21,21i,AGATAGATAGATAGATAGATAGATAGATAGATAGATAGATAGATAGATAGATAGATACATAGATAGATAGATAGATAGATAGAT
D6S1043,21.3,21.3c,AGATAGATAGATAGATAGATAGATAGATAGATAGATAGATAGATAGATAGATGATAGATAGATACATAGATAGATAGATAGATAGAT
D6S1043,22.3,22.3c,AGATAGATAGATAGATAGATAGATAGATAGATAGATAGATAGATAGATAGATAGATGATAGATAGATACATAGATAGATAGATAGATAGAT
D6S1043,23,23j,AGATAGATAGATAGATAGATAGATAGATAGATAGATAGATAGATACATAGATAGATAGATAGATACATAGATAGATAGATAGATAGATAGAT
D6S1043,24,24k,AGATAGATAGATAGATAGATAGATAGATAGATAGATAGATAGATACATAGATAGATAGATAGATACATAGATAGATAGATAGATAGATAGATAGAT
D7S820,6,6a,GATAGATAGATAGATAGATAGATAGACAGATTGATAGTTT
D7S820,7,7a,GATAGATAGATAGATAGATAGATAGATAGACAGATTGATAGTTT
D7S820,8,8a,GATAGATAGATAGATAGATAGATAGATAGATAGACAGATTGATAGTTT
D7S820,8.1,8.1b,GATAGATAGATAGATAGATAGATAGATAGATAGACAGATTGATAGTTTT
D7S820,9,9a,GATAGATAGATAGATAGATAGATAGATAGATAGATAGACAGATTGATAGTTT
D7S820,9,9d,GATAGATAGATAGATAGATAGATAGATAGATAGACAGACAGATTGATAGTTT
D7S820,9.1,9.1b,GATAGATAGATAGATAGATAGATAGATAGATAGATAGACAGATTGATAGTTTT
D7S820,10,10a,GATAGATAGATAGATAGATAGATAGATAGATAGATAGATAGACAGATTGATAGTTT
D7S820,10.1,10.1b,GATAGATAGATAGATAGATAGATAGATAGATAGATAGATAGACAGATTGATAGTTTT
D7S820,10.3,10.3e,GATAGATAGATAGATAGATAGATAGATAGATAGATAGATAGATAGACAGATTGATAGTT
D7S820,11,11a,GATAGATAGATAGATAGATAGATAGATAGATAGATAGATAGATAGACAGATTGATAGTTT
D7S820,11,11f,GATAGATAGATAGGTAGATAGATAGATAGATAGATAGATAGATAGACAGATTGATAGTTT
D7S820,12,12a,GATAGATAGATAGATAGATAGATAGATAGATAGATAGATAGATAGATAGACAGATTGATAGTTT
D7S820,13,13a,GATAGATAGATAGATAGATAGATAGATAGATAGATAGATAGATAGATAGATAGACAGATTGATAGTTT
D7S820,13,13c,AATAGATAGATAGATAGATAGATAGATAGATAGATAGATAGATAGATAGATAGACAGATTGATAGTTT
D7S820,13,13d,GATAGATAGATAGATAGATAGATAGATAGATAGATAGATAGATAGATAGACAGACAGATTGATAGTTT
D7S820,14,14a,GATAGATAGATAGATAGATAGATAGATAGATAGATAGATAGATAGATAGATAGATAGACAGATTGATAGTTT
D8S1179,7,7a,TCTATCTATCTATCTATCTATCTATCTA
D8S1179,8,8a,TCTATCTATCTATCTATCTATCTATCTATCTA
D8S1179,9,9a,TCTATCTATCTATCTATCTATCTATCTATCTATCTA
D8S1179,10,10a,TCTATCTATCTATCTATCTATCTATCTATCTATCTATCTA
D8S1179,10,10b,TCTATCTGTCTATCTATCTATCTATCTATCTATCTATCTA
D8S1179,11,11a,TCTATCTATCTATCTATCTATCTATCTATCTATCTATCTATCTA
D8S1179,11,11b,TCTATCTGTCTATCTATCTATCTATCTATCTATCTATCTATCTA
D8S1179,11,11c,TCTATCTATCTGTCTATCTATCTATCTATCTATCTATCTATCTA
D8S1179,12,12a,TCTATCTATCTATCTATCTATCTATCTATCTATCTATCTATCTATCTA
D8S1179,12,12b,TCTATCTGTCTATCTATCTATCTATCTATCTATCTATCTATCTATCTA
D8S1179,12,12c,TCTATCTATCTGTCTATCTATCTATCTATCTATCTATCTATCTATCTA
D8S1179,13,13a,TCTATCTATCTATCTATCTATCTATCTATCTATCTATCTATCTATCTATCTA
D8S1179,13,13b,TCTATCTGTCTATCTATCTATCTATCTATCTATCTATCTATCTATCTATCTA
D8S1179,13,13c,TCTATCTATCTGTCTATCTATCTATCTATCTATCTATCTATCTATCTATCTA
D8S1179,13,13e,TCTATCTGTGTATCTATCTATCTATCTATCTATCTATCTATCTATCTATCTA
D8S1179,13,13f,TCTATCTGTCTGTCTATCTATCTATCTATCTATCTATCTATCTATCTATCTA
D8S1179,14,14a,TCTATCTATCTATCTATCTATCTATCTATCTATCTATCTATCTATCTATCTATCTA
D8S1179,14,14b,TCTATCTGTCTATCTATCTATCTATCTATCTATCTATCTATCTATCTATCTATCTA
D8S1179,14,14c,TCTATCTATCTGTCTATCTATCTATCTATCTATCTATCTATCTATCTATCTATCTA
D8S1179,14,14d,TCTATCTATCTGTCTGTCTATCTATCTATCTATCTATCTATCTATCTATCTATCTA
D8S1179,14,14e,TCTATCTGTGTATCTATCTATCTATCTATCTATCTATCTATCTATCTATCTATCTA
D8S1179,15,15a,TCTATCTATCTATCTATCTATCTATCTATCTATCTATCTATCTATCTATCTATCTATCTA
D8S1179,15,15b,TCTATCTGTCTATCTATCTATCTATCTATCTATCTATCTATCTATCTATCTATCTATCTA
D8S1179,15,15c,TCTATCTATCTGTCTATCTATCTATCTATCTATCTATCTATCTATCTATCTATCTATCTA
D8S1179,15,15d,TCTATCTATCTGTCTGTCTATCTATCTATCTATCTATCTATCTATCTATCTATCTATCTA
D8S1179,16,16b,TCTATCTGTCTATCTATCTATCTATCTATCTATCTATCTATCTATCTATCTATCTATCTATCTA
D8S1179,16,16c,TCTATCTATCTGTCTATCTATCTATCTATCTATCTATCTATCTATCTATCTATCTATCTATCTA
D8S1179,16,16d,TCTATCTATCTGTCTGTCTATCTATCTATCTATCTATCTATCTATCTATCTATCTATCTATCTA
D8S1179,17,17c,TCTATCTATCTGTCTATCTATCTATCTATCTATCTATCTATCTATCTATCTATCTATCTATCTATCTA
D8S1179,17,17d,TCTATCTATCTGTCTGTCTATCTATCTATCTATCTATCTATCTATCTATCTATCTATCTATCTATCTA
D8S1179,18,18c,TCTATCTATCTGTCTATCTATCTATCTATCTATCTATCTATCTATCTATCTATCTATCTATCTATCTATCTA
D8S1179,18,18d,TCTATCTATCTGTCTGTCTATCTATCTATCTATCTATCTATCTATCTATCTATCTATCTATCTATCTATCTA
D9S1122,9,9a,TAGATAGATAGATAGATAGATAGATAGATAGATAGA
D9S1122,9,9b,TAGATCGATAGATAGATAGATAGATAGATAGATAGA
D9S1122,10,10a,TAGATAGATAGATAGATAGATAGATAGATAGATAGATAGA
D9S1122,10,10b,TAGATCGATAGATAGATAGATAGATAGATAGATAGATAGA
D9S1122,11,11a,TAGATAGATAGATAGATAGATAGATAGATAGATAGATAGATAGA
D9S1122,11,11b,TAGATCGATAGATAGATAGATAGATAGATAGATAGATAGATAGA
D9S1122,11,11d,TAGATCGATCGATAGATAGATAGATAGATAGATAGATAGATAGA
D9S1122,12,12a,TAGATAGATAGATAGATAGATAGATAGATAGATAGATAGATAGATAGA
D9S1122,12,12b,TAGATCGATAGATAGATAGATAGATAGATAGATAGATAGATAGATAGA
D9S1122,13,13a,TAGATAGATAGATAGATAGATAGATAGATAGATAGATAGATAGATAGATAGA
D9S1122,13,13b,TAGATCGATAGATAGATAGATAGATAGATAGATAGATAGATAGATAGATAGA
D9S1122,13,13c,TAGATCGATAGATAGATAGTTAGATAGATAGATAGATAGATAGATAGATAGA
D9S1122,14,14a,TAGATAGATAGATAGATAGATAGATAGATAGATAGATAGATAGATAGATAGATAGA
D9S1122,14,14b,TAGATCGATAGATAGATAGATAGATAGATAGATAGATAGATAGATAGATAGATAGA
D9S1122,15,15a,TAGATAGATAGATAGATAGATAGATAGATAGATAGATAGATAGATAGATAGATAGATAGA
D9S1122,15,15b,TAGATCGATAGATAGATAGATAGATAGATAGATAGATAGATAGATAGATAGATAGATAGA
D9S1122,16,16b,TAGATCGATAGATAGATAGATAGATAGATAGATAGATAGATAGATAGATAGATAGATAGATAGA
FGA,17,17a,TTTCTTTCTTTCTTTTTTCTCTTTCTTTCTTTCTTTCTTTCTTTCTTTCTTTCTTTCTCCTTCCTTCC
FGA,18,18a,TTTCTTTCTTTCTTTTTTCTCTTTCTTTCTTTCTTTCTTTCTTTCTTTCTTTCTTTCTTTCTCCTTCCTTCC
FGA,18.2,18.2b,TTTCTTTCTTTCTTTTTTCTTTCTTTCTTTCTTTCTTTCTTTCTTTCTTTCTTTCTTTCTTTCTCCTTCCTTCC
FGA,19,19a,TTTCTTTCTTTCTTTTTTCTCTTTCTTTCTTTCTTTCTTTCTTTCTTTCTTTCTTTCTTTCTTTCTCCTTCCTTCC
FGA,19.2,19.2b,TTTCTTTCTTTCTTTTTTCTTTCTTTCTTTCTTTCTTTCTTTCTTTCTTTCTTTCTTTCTTTCTTTCTCCTTCCTTCC
FGA,20,20a,TTTCTTTCTTTCTTTTTTCTCTTTCTTTCTTTCTTTCTTTCTTTCTTTCTTTCTTTCTTTCTTTCTTTCTCCTTCCTTCC
FGA,21,21a,TTTCTTTCTTTCTTTTTTCTCTTTCTTTCTTTCTTTCTTTCTTTCTTTCTTTCTTTCTTTCTTTCTTTCTTTCTCCTTCCTTCC
FGA,21.2,21.2b,TTTCTTTCTTTCTTTTTTCTTTCTTTCTTTCTTTCTTTCTTTCTTTCTTTCTTTCTTTCTTTCTTTCTTTCTTTCTCCTTCCTTCC
FGA,22,22a,TTTCTTTCTTTCTTTTTTCTCTTTCTTTCTTTCTTTCTTTCTTTCTTTCTTTCTTTCTTTCTTTCTTTCTTTCTTTCTCCTTCCTTCC
FGA,22.2,22.2b,TTTCTTTCTTTCTTTTTTCTTTCTTTCTTTCTTTCTTTCTTTCTTTCTTTCTTTCTTTCTTTCTTTCTTTCTTTCTTTCTCCTTCCTTCC
FGA,23,23a,TTTCTTTCTTTCTTTTTTCTCTTTCTTTCTTTCTTTCTTTCTTTCTTTCTTTCTTTCTTTCTTTCTTTCTTTCTTTCTTTCTCCTTCCTTCC
FGA,23,23d,TTTCTTTCTTTCTTTTTTCTCTTTCTTTCTTTCTTTCTTTCTTTCTTTCTTTCTTTCTTTCTTTCTTTCTTTGTTTCTTTCTCCTTCCTTCC
FGA,23.2,23.2b,TTTCTTTCTTTCTTTTTTCTTTCTTTCTTTCTTTCTTTCTTTCTTTCTTTCTTTCTTTCTTTCTTTCTTTCTTTCTTTCTTTCTCCTTCCTTCC
FGA,24,24a,TTTCTTTCTTTCTTTTTTCTCTTTCTTTCTTTCTTTCTTTCTTTCTTTCTTTCTTTCTTTCTTTCTTTCTTTCTTTCTTTCTTTCTCCTTCCTTCC
FGA,24.2,24.2b,TTTCTTTCTTTCTTTTTTCTTTCTTTCTTTCTTTCTTTCTTTCTTTCTTTCTTTCTTTCTTTCTTTCTTTCTTTCTTTCTTTCTTTCTCCTTCCTTCC
FGA,25,25a,TTTCTTTCTTTCTTTTTTCTCTTTCTTTCTTTCTTTCTTTCTTTCTTTCTTTCTTTCTTTCTTTCTTTCTTTCTTTCTTTCTTTCTTTCTCCTTCCTTCC
FGA,25,25c,TTTCTTTCTTTCTTTTTTCTCTTTCTTTCTTTCTTTCTTTCTTTCTTTCTTTCTTTCTTTCTTTCTTTCTTTCTTTCTTTGTTTCTTTCTCCTTCCTTCC
FGA,25,25d,TTTCTTTCTTTCTTTTTTCTCTTTCTTTCTTTCTTTCTTTCTTTCTTTCTTTCTTTCTTTCTTTCTTTCTTTCTTTCTTTGTTTCTTTCTCCTTCCTTCC
FGA,25,25f,TTTCTTTCTTTCTTTTTTCTCTTCCTTTCTTTCTTTCTTTCTTTCTTTCTTTCTTTCTTTCTTTCTTTCTTTCTTTCTTTCTTTCTTTCTCCTTCCTTCC
FGA,25.2,25.2b,TTTCTTTCTTTCTTTTTTCTTTCTTTCTTTCTTTCTTTCTTTCTTTCTTTCTTTCTTTCTTTCTTTCTTTCTTTCTTTCTTTCTTTCTTTCTCCTTCCTTCC
FGA,26,26a,TTTCTTTCTTTCTTTTTTCTCTTTCTTTCTTTCTTTCTTTCTTTCTTTCTTTCTTTCTTTCTTTCTTTCTTTCTTTCTTTCTTTCTTTCTTTCTCCTTCCTTCC
FGA,26,26d,TTTCTTTCTTTCTTTTTTCTCTTTCTTTCTTTCTTTCTTTCTTTCTTTCTTTCTTTCTTTCTTTCTTTCTTTCTTTCTTTCTTTGTTTCTTTCTCCTTCCTTCC
FGA,26,26g,TTTCTTTCTTTCTTTTTTCTCTTTCTTTCTTTCTTTCTTTCTTTCTTTCTTTCTTTCTTTCTTTCTTTCCTTCTTTCTTTCTTTCTTTCTTTCTCCTTCCTTCC
FGA,26.2,26.2b,TTTCTTTCTTTCTTTTTTCTTTCTTTCTTTCTTTCTTTCTTTCTTTCTTTCTTTCTTTCTTTCTTTCTTTCTTTCTTTCTTTCTTTCTTTCTTTCTCCTTCCTTCC
FGA,26.3,26.3e,TTTCTTTCTTTCTTTTTTCTCTTTCTTTCTTTCTTTCTTTCTTTCTTTCTTTCTTTCTTTCTTTCTTTCTTTCTTTCTTTCTTTCTTTCTTCTTTCTCCTTCCTTCC
FGA,27,27a,TTTCTTTCTTTCTTTTTTCTCTTTCTTTCTTTCTTTCTTTCTTTCTTTCTTTCTTTCTTTCTTTCTTTCTTTCTTTCTTTCTTTCTTTCTTTCTTTCTCCTTCCTTCC
FGA,27,27g,TTTCTTTCTTTCTTTTTTCTCTTTCTTTCTTTCTTTCTTTCTTTCTTTCTTTCTTTCTTTCTTTCTTTCTTTCCTTCTTTCTTTCTTTCTTTCTTTCTCCTTCCTTCC
FGA,27,27h,TTTCTTTCTTTCTTTTTTCTCTTTCTTTCTTTCTTTCTTTCTTTCCTTCTTTCTTTCTTTCTTTCTTTCTTTCTTTCTTTCTTTCTTTCTTTCTTTCTCCTTCCTTCC
FGA,28,28a,TTTCTTTCTTTCTTTTTTCTCTTTCTTTCTTTCTTTCTTTCTTTCTTTCTTTCTTTCTTTCTTTCTTTCTTTCTTTCTTTCTTTCTTTCTTTCTTTCTTTCTCCTTCCTTCC
FGA,28,28g,TTTCTTTCTTTCTTTTTTCTCTTTCTTTCTTTCTTTCTTTCTTTCTTTCTTTCTTTCTTTCTTTCTTTCTTTCTTTCCTTCTTTCTTTCTTTCTTTCTTTCTCCTTCCTTCC
FGA,29,29g,TTTCTTTCTTTCTTTTTTCTCTTTCTTTCTTTCTTTCTTTCTTTCTTTCTTTCTTTCTTTCTTTCTTTCTTTCTTTCTTTCCTTCTTTCTTTCTTTCTTTCTTTCTCCTTCCTTCC
FGA,30,30g,TTTCTTTCTTTCTTTTTTCTCTTTCTTTCTTTCTTTCTTTCTTTCTTTCTTTCTTTCTTTCTTTCTTTCTTTCTTTCTTTCTTTCCTTCTTTCTTTCTTTCTTTCTTTCTCCTTCCTTCC
FGA,30.2,30.2i,TTTCTTTCTTTCTTTCTTTTTTCTTTCTTTCTTTCTTTCTTTCTTTCTTTCTTTCTTTCTTTCTTTCTTTCTTTCTTTCTCCCTCCCTCCCTTTCTTTCTTTCTCCTTCCTTCCTTCCTTCC
FGA,31.2,31.2I,TTTCTTTCTTTCTTTCTTTTTTCTTTCTTTCTTTCTTTCTTTCTTTCTTTCTTTCTTTCTTTCTTTCTTTCTTTCTTTCTTTCTCCCTCCCTCCCTTTCTTTCTTTCTCCTTCCTTCCTTCCTTCC
FGA,44.2,44.2j,TTTCTTTCTTTCTTTCTTTTTTCTTTCTTTCTTTCTTTCTTTCTTTCTTTCTTTCTTTCTGTCTGTCTGTCTGTCTGTCTTTCTTTCTTTCTTTCTTTCTTTCTTTCTTTCTTTCTTTCTTTCTTTCTTTCTTCCTTCCTTCCTTCCTTTCTTTCTTTCTCCTTCCTTCCTTCCTTCC
FGA,46.2,46.2k,TTTCTTTCTTTCTTTCTTTTTTCTTTCTTTCTTTCTTTCTTTCTTTCTTTCTTTCTTTCTGTCTGTCTGTCTGTCTGTCTTTCTTTCTTTCTTTCTTTCTTTCTTTCTTTCTTTCTTTCTTTCTTTCTTTCTTTCTTCCTTCCTTCCTTCCTTCCTTTCTTTCTTTCTCCTTCCTTCCTTCCTTCC
PentaD,2.2,2.2b,AGAAAGAAAAGAAAAGAAAAGAAAAGA
PentaD,3.2,3.2b,AGAAAGAAAAGAAAAGAAAAGAAAAGAAAAGA
PentaD,5,5a,AAAAGAAAGAAAAGAAAAGAAAAGAAAAGA
PentaD,6,6a,AAAAGAAAGAAAAGAAAAGAAAAGAAAAGAAAAGA
PentaD,7,7a,AAAAGAAAGAAAAGAAAAGAAAAGAAAAGAAAAGAAAAGA
PentaD,8,8a,AAAAGAAAGAAAAGAAAAGAAAAGAAAAGAAAAGAAAAGAAAAGA
PentaD,9,9a,AAAAGAAAGAAAAGAAAAGAAAAGAAAAGAAAAGAAAAGAAAAGAAAAGA
PentaD,10,10a,AAAAGAAAGAAAAGAAAAGAAAAGAAAAGAAAAGAAAAGAAAAGAAAAGAAAAGA
PentaD,11,11a,AAAAGAAAGAAAAGAAAAGAAAAGAAAAGAAAAGAAAAGAAAAGAAAAGAAAAGAAAAGA
PentaD,11,11c,AAAAGAAAGAGAAGAAAAGAAAAGAAAAGAAAAGAAAAGAAAAGAAAAGAAAAGAAAAGA
PentaD,12,12a,AAAAGAAAGAAAAGAAAAGAAAAGAAAAGAAAAGAAAAGAAAAGAAAAGAAAAGAAAAGAAAAGA
PentaD,13,13a,AAAAGAAAGAAAAGAAAAGAAAAGAAAAGAAAAGAAAAGAAAAGAAAAGAAAAGAAAAGAAAAGAAAAGA
PentaD,14,14a,AAAAGAAAGAAAAGAAAAGAAAAGAAAAGAAAAGAAAAGAAAAGAAAAGAAAAGAAAAGAAAAGAAAAGAAAAGA
PentaD,15,15a,AAAAGAAAGAAAAGAAAAGAAAAGAAAAGAAAAGAAAAGAAAAGAAAAGAAAAGAAAAGAAAAGAAAAGAAAAGAAAAGA
PentaD,16,16a,AAAAGAAAGAAAAGAAAAGAAAAGAAAAGAAAAGAAAAGAAAAGAAAAGAAAAGAAAAGAAAAGAAAAGAAAAGAAAAGAAAAGA
PentaD,17,17a,AAAAGAAAGAAAAGAAAAGAAAAGAAAAGAAAAGAAAAGAAAAGAAAAGAAAAGAAAAGAAAAGAAAAGAAAAGAAAAGAAAAGAAAAGA
PentaE,5,5a,AAAGAAAAGAAAAGAAAAGAAAAGA
PentaE,6,6a,AAAGAAAAGAAAAGAAAAGAAAAGAAAAGA
PentaE,7,7a,AAAGAAAAGAAAAGAAAAGAAAAGAAAAGAAAAGA
PentaE,8,8a,AAAGAAAAGAAAAGAAAAGAAAAGAAAAGAAAAGAAAAGA
PentaE,9,9a,AAAGAAAAGAAAAGAAAAGAAAAGAAAAGAAAAGAAAAGAAAAGA
PentaE,10,10a,AAAGAAAAGAAAAGAAAAGAAAAGAAAAGAAAAGAAAAGAAAAGAAAAGA
PentaE,11,11a,AAAGAAAAGAAAAGAAAAGAAAAGAAAAGAAAAGAAAAGAAAAGAAAAGAAAAGA
PentaE,12,12a,AAAGAAAAGAAAAGAAAAGAAAAGAAAAGAAAAGAAAAGAAAAGAAAAGAAAAGAAAAGA
PentaE,12.1,12.1b,AAAGAAAAAGAAAAGAAAAGAAAAGAAAAGAAAAGAAAAGAAAAGAAAAGAAAAGAAAAGA
PentaE,13,13a,AAAGAAAAGAAAAGAAAAGAAAAGAAAAGAAAAGAAAAGAAAAGAAAAGAAAAGAAAAGAAAAGA
PentaE,14,14a,AAAGAAAAGAAAAGAAAAGAAAAGAAAAGAAAAGAAAAGAAAAGAAAAGAAAAGAAAAGAAAAGAAAAGA
PentaE,15,15a,AAAGAAAAGAAAAGAAAAGAAAAGAAAAGAAAAGAAAAGAAAAGAAAAGAAAAGAAAAGAAAAGAAAAGAAAAGA
PentaE,15,15c,AAAGAAAAGAAAAGAAAAGAAAAGAAAAGAAAAGAAAAGAAAAGAAAAGAAAAGAAAAGAAAAGAAAAGAAAATA
PentaE,16,16a,AAAGAAAAGAAAAGAAAAGAAAAGAAAAGAAAAGAAAAGAAAAGAAAAGAAAAGAAAAGAAAAGAAAAGAAAAGAAAAGA
PentaE,16,16c,AAAGAAAAGAAAAGAAAAGAAAAGAAAAGAAAAGAAAAGAAAAGAAAAGAAAAGAAAAGAAAAGAAAAGAAAAGAAAATA
PentaE,17,17a,AAAGAAAAGAAAAGAAAAGAAAAGAAAAGAAAAGAAAAGAAAAGAAAAGAAAAGAAAAGAAAAGAAAAGAAAAGAAAAGAAAAGA
PentaE,17,17c,AAAGAAAAGAAAAGAAAAGAAAAGAAAAGAAAAGAAAAGAAAAGAAAAGAAAAGAAAAGAAAAGAAAAGAAAAGAAAAGAAAATA
PentaE,17,17d,AAAGAAAAGAAAAGAAAGGAAAAGAAAAGAAAAGAAAAGAAAAGAAAAGAAAAGAAAAGAAAAGAAAAGAAAAGAAAAGAAAAGA
PentaE,17,17e,AAAGAAAAGAAAAGAAAAGAAAAGAAAAGAAAAGAAAAGAAAAGAAAAGAAAAGAAAAGAAAAGAAAAGAAAAGAAAAGGAAAGA
PentaE,18,18a,AAAGAAAAGAAAAGAAAAGAAAAGAAAAGAAAAGAAAAGAAAAGAAAAGAAAAGAAAAGAAAAGAAAAGAAAAGAAAAGAAAAGAAAAGA
PentaE,18.4,18.4f,AAAGAAAAGAAAAGAAAAGAAAAGAAAAGAAAAAAAAGAAAAGAAAAGAAAAGAAAAGAAAAGAAAAGAAAAGAAAAGAAAAGAAAAGAAAAGA
PentaE,19,19a,AAAGAAAAGAAAAGAAAAGAAAAGAAAAGAAAAGAAAAGAAAAGAAAAGAAAAGAAAAGAAAAGAAAAGAAAAGAAAAGAAAAGAAAAGAAAAGA
PentaE,20,20a,AAAGAAAAGAAAAGAAAAGAAAAGAAAAGAAAAGAAAAGAAAAGAAAAGAAAAGAAAAGAAAAGAAAAGAAAAGAAAAGAAAAGAAAAGAAAAGAAAAGA
PentaE,21,21a,AAAGAAAAGAAAAGAAAAGAAAAGAAAAGAAAAGAAAAGAAAAGAAAAGAAAAGAAAAGAAAAGAAAAGAAAAGAAAAGAAAAGAAAAGAAAAGAAAAGAAAAGA
PentaE,22,22a,AAAGAAAAGAAAAGAAAAGAAAAGAAAAGAAAAGAAAAGAAAAGAAAAGAAAAGAAAAGAAAAGAAAAGAAAAGAAAAGAAAAGAAAAGAAAAGAAAAGAAAAGAAAAGA
PentaE,23,23a,AAAGAAAAGAAAAGAAAAGAAAAGAAAAGAAAAGAAAAGAAAAGAAAAGAAAAGAAAAGAAAAGAAAAGAAAAGAAAAGAAAAGAAAAGAAAAGAAAAGAAAAGAAAAGAAAAGA
PentaE,24,24a,AAAGAAAAGAAAAGAAAAGAAAAGAAAAGAAAAGAAAAGAAAAGAAAAGAAAAGAAAAGAAAAGAAAAGAAAAGAAAAGAAAAGAAAAGAAAAGAAAAGAAAAGAAAAGAAAAGAAAAGA
TH01,4,4a,AATGAATGAATGAATGAATG
TH01,5,5a,AATGAATGAATGAATGAATG
TH01,6,6a,AATGAATGAATGAATGAATGAATG
TH01,7,7a,AATGAATGAATGAATGAATGAATGAATG
TH01,8,8a,AATGAATGAATGAATGAATGAATGAATGAATG
TH01,8.3,8.3b,AATGAATGAATGAATGAATGATGAATGAATGAATG
TH01,9,9a,AATGAATGAATGAATGAATGAATGAATGAATGAATG
TH01,9.3,9.3b,AATGAATGAATGAATGAATGAATGATGAATGAATGAATG
TH01,10,10a,AATGAATGAATGAATGAATGAATGAATGAATGAATGAATG
TH01,10.3,10.3b,AATGAATGAATGAATGAATGAATGAATGATGAATGAATGAATG
TPOX,5,5a,AATGAATGAATGAATGAATG
TPOX,6,6a,AATGAATGAATGAATGAATGAATG
TPOX,7,7a,AATGAATGAATGAATGAATGAATGAATG
TPOX,8,8a,AATGAATGAATGAATGAATGAATGAATGAATG
TPOX,9,9a,AATGAATGAATGAATGAATGAATGAATGAATGAATG
TPOX,10,10a,AATGAATGAATGAATGAATGAATGAATGAATGAATGAATG
TPOX,11,11a,AATGAATGAATGAATGAATGAATGAATGAATGAATGAATGAATG
TPOX,12,12a,AATGAATGAATGAATGAATGAATGAATGAATGAATGAATGAATGAATG
TPOX,13,13a,AATGAATGAATGAATGAATGAATGAATGAATGAATGAATGAATGAATGAATG
vWA,11,11a,TCTATCTGTCTGTCTGTCTATCTATCTATCTATCTATCTATCTATCCATCTA
vWA,13,13b,TCTATCTGTCTGTCTGTCTGTCTATCTATCTATCTATCTATCTATCTATCTATCCATCTA
vWA,13,13e,TCTATCTGTCTGTCTGTCTGTCTATCTATCTATCTATCTATCTATCTATCTATCTATCTA
vWA,14,14a,TCTATCTGTCTGTCTGTCTATCTATCTATCTATCTATCTATCTATCTATCTATCTATCCATCTA
vWA,14,14b,TCTATCTGTCTGTCTGTCTGTCTATCTATCTATCTATCTATCTATCTATCTATCTATCCATCTA
vWA,14,14f,TCTATCTGTCTATCTGTCTGTCTGTCTGTCTATCTATCTATCCATCTATCTATCTATCCATCCA
vWA,15,15a,TCTATCTGTCTGTCTGTCTATCTATCTATCTATCTATCTATCTATCTATCTATCTATCTATCCATCTA
vWA,15,15b,TCTATCTGTCTGTCTGTCTGTCTATCTATCTATCTATCTATCTATCTATCTATCTATCTATCCATCTA
vWA,15,15e,TCTATCTGTCTGTCTGTCTGTCTATCTATCTATCTATCTATCTATCTATCTATCTATCTATCTATCTA
vWA,15,15g,TCTATCTGTCTATCTGTCTGTCTGTCTGTCTATCTATCTATCCATCTATCTATCTATCCATCCATCCA
vWA,16,16a,TCTATCTGTCTGTCTGTCTATCTATCTATCTATCTATCTATCTATCTATCTATCTATCTATCTATCCATCTA
vWA,16,16b,TCTATCTGTCTGTCTGTCTGTCTATCTATCTATCTATCTATCTATCTATCTATCTATCTATCTATCCATCTA
vWA,16,16h,TCTATCTGTCTGTCTGTCTGTCTATCTATCTATCTATCTATCTATCTATCTATCTATCTATCTATCCATCCA
vWA,17,17a,TCTATCTGTCTGTCTGTCTATCTATCTATCTATCTATCTATCTATCTATCTATCTATCTATCTATCTATCCATCTA
vWA,17,17b,TCTATCTGTCTGTCTGTCTGTCTATCTATCTATCTATCTATCTATCTATCTATCTATCTATCTATCTATCCATCTA
vWA,17,17e,TCTATCTGTCTGTCTGTCTGTCTATCTATCTATCTATCTATCTATCTATCTATCTATCTATCTATCTATCTATCTA
vWA,17,17i,TCTATCTGTCTGTCTGTCTGTCTATCTATCTATCTATCTATCTATCTATCTATCTATCTATCTAGCTATCCATCTA
vWA,18,18a,TCTATCTGTCTGTCTGTCTATCTATCTATCTATCTATCTATCTATCTATCTATCTATCTATCTATCTATCTATCCATCTA
vWA,18,18b,TCTATCTGTCTGTCTGTCTGTCTATCTATCTATCTATCTATCTATCTATCTATCTATCTATCTATCTATCTATCCATCTA
vWA,18,18c,TCTATCTGTCTGTCTGTCTGTCTGTCTATCTATCTATCTATCTATCTATCTATCTATCTATCTATCTATCTATCCATCTA
vWA,18,18d,TCTATCTGTCTGTCTGTCTGTCTGTCTGTCTATCTATCTATCTATCTATCTATCTATCTATCTATCTATCTATCCATCTA
vWA,18,18j,TCTATCTGTCTGTCTGTCTGTCTATCTATCTATCTATCTATCTATCTATCTATCTATCTATCTATCTATCCATCCATCTA
vWA,19,19a,TCTATCTGTCTGTCTGTCTATCTATCTATCTATCTATCTATCTATCTATCTATCTATCTATCTATCTATCTATCTATCCATCTA
vWA,19,19b,TCTATCTGTCTGTCTGTCTGTCTATCTATCTATCTATCTATCTATCTATCTATCTATCTATCTATCTATCTATCTATCCATCTA
vWA,19,19c,TCTATCTGTCTGTCTGTCTGTCTGTCTATCTATCTATCTATCTATCTATCTATCTATCTATCTATCTATCTATCTATCCATCTA
vWA,19,19d,TCTATCTGTCTGTCTGTCTGTCTGTCTGTCTATCTATCTATCTATCTATCTATCTATCTATCTATCTATCTATCTATCCATCTA
vWA,20,20b,TCTATCTGTCTGTCTGTCTGTCTATCTATCTATCTATCTATCTATCTATCTATCTATCTATCTATCTATCTATCTATCTATCCATCTA
vWA,20,20c,TCTATCTGTCTGTCTGTCTGTCTGTCTATCTATCTATCTATCTATCTATCTATCTATCTATCTATCTATCTATCTATCTATCCATCTA
vWA,20,20d,TCTATCTGTCTGTCTGTCTGTCTGTCTGTCTATCTATCTATCTATCTATCTATCTATCTATCTATCTATCTATCTATCTATCCATCTA
vWA,21,21c,TCTATCTGTCTGTCTGTCTGTCTGTCTATCTATCTATCTATCTATCTATCTATCTATCTATCTATCTATCTATCTATCTATCTATCCATCTA
vWA,21,21d,TCTATCTGTCTGTCTGTCTGTCTGTCTGTCTATCTATCTATCTATCTATCTATCTATCTATCTATCTATCTATCTATCTATCTATCCATCTA
vWA,22,22c,TCTATCTGTCTGTCTGTCTGTCTGTCTATCTATCTATCTATCTATCTATCTATCTATCTATCTATCTATCTATCTATCTATCTATCTATCCATCTA
