DXS10074,7,7a,AAGAAAGAAAGAAAGAAAGAAAGAAAGA
DXS10074,8,8a,AAGAAAGAAAGAAAGAAAGAAAGAAAGAAAGA
DXS10074,9,9a,AAGAAAGAAAGAAAGAAAGAAAGAAAGAAAGAAAGA
DXS10074,10,10a,AAGAAAGAAAGAAAGAAAGAAAGAAAGAAAGAAAGAAAGA
DXS10074,10,10b,AAGAAAGAAAGAAAGAAAGAAAGAAAGAAAGGAAGAAAGA
DXS10074,11,11a,AAGAAAGAAAGAAAGAAAGAAAGAAAGAAAGAAAGAAAGAAAGA
DXS10074,12,12a,AAGAAAGAAAGAAAGAAAGAAAGAAAGAAAGAAAGAAAGAAAGAAAGA
DXS10074,13,13a,AAGAAAGAAAGAAAGAAAGAAAGAAAGAAAGAAAGAAAGAAAGAAAGAAAGA
DXS10074,13,13b,AAGAAAGAAAGAAAGAAAGAAAGAAAGAAAGAAAGAAAGAAAGGAAGAAAGA
DXS10074,13.3,13.3c,AAAAAGAAAGAAAGAAAGAAAGAAAGAAAGAAAGAAAGAAAGAAAGAAAGAAAGA
DXS10074,14,14a,AAGAAAGAAAGAAAGAAAGAAAGAAAGAAAGAAAGAAAGAAAGAAAGAAAGAAAGA
DXS10074,14,14b,AAGAAAGAAAGAAAGAAAGAAAGAAAGAAAGAAAGAAAGAAAGAAAGGAAGAAAGA
DXS10074,15,15a,AAGAAAGAAAGAAAGAAAGAAAGAAAGAAAGAAAGAAAGAAAGAAAGAAAGAAAGAAAGA
DXS10074,15,15b,AAGAAAGAAAGAAAGAAAGAAAGAAAGAAAGAAAGAAAGAAAGAAAGAAAGGAAGAAAGA
DXS10074,15,15d,AAGAAAGAAAGAAAGAAAGAAAGAAAGAAAGAAAGAAAGAAAGAAAGAAAGGAAAAAAGA
DXS10074,15.3,15.3c,AAAAAGAAAGAAAGAAAGAAAGAAAGAAAGAAAGAAAGAAAGAAAGAAAGAAAGAAAGAAAGA
DXS10074,15.3,15.3e,AAGAAAGAAAGAAAGAAAGAAGAAAGAAAGAAAGAAAGAAAGAAAGAAAGAAAGAAAGAAAGA
DXS10074,16,16a,AAGAAAGAAAGAAAGAAAGAAAGAAAGAAAGAAAGAAAGAAAGAAAGAAAGAAAGAAAGAAAGA
DXS10074,16,16b,AAGAAAGAAAGAAAGAAAGAAAGAAAGAAAGAAAGAAAGAAAGAAAGAAAGAAAGGAAGAAAGA
DXS10074,16,16d,AAGAAAGAAAGAAAGAAAGAAAGAAAGAAAGAAAGAAAGAAAGAAAGAAAGAAAGGAAAAAAGA
DXS10074,17,17a,AAGAAAGAAAGAAAGAAAGAAAGAAAGAAAGAAAGAAAGAAAGAAAGAAAGAAAGAAAGAAAGGAAGA
DXS10074,17,17b,AAGAAAGAAAGAAAGAAAGAAAGAAAGAAAGAAAGAAAGAAAGAAAGAAAGAAAGAAAGGAAGAAAGA
DXS10074,17,17d,AAGAAAGAAAGAAAGAAAGAAAGAAAGAAAGAAAGAAAGAAAGAAAGAAAGAAAGAAAGGAAAAAAGA
DXS10074,17,17g,AAGAAAGAAAGAAAGAAAGAAAGAAAGAAAGAAAGAAAGAAAGAAAGAAAGGAAGGAAGGAAGAAAGA
DXS10074,17,17h,AAGAAAGAAAGAAAGAAAGAAAGAAAGAAAGAAAGAAAGAAAGAAAGAAAGAAAGAAAGAAAGAAAGG
DXS10074,17.2,17.2f,AGAAGAAAGAAAGAAAGAAAGAAAGAAAGAAAGAAAGAAAGAAAGAAAGAAAGAAAGAAAGGAAGAAAGA
DXS10074,17.3,17.3i,AAGAAAGAAAGAAAGAAAGAAAGAAAGAAAGAAGAAAGAAAGAAAGAAAGAAAGAAAGAAAGGAAGAAAGA
DXS10074,18,18b,AAGAAAGAAAGAAAGAAAGAAAGAAAGAAAGAAAGAAAGAAAGAAAGAAAGAAAGAAAGAAAGGAAGAAAGA
DXS10074,19,19b,AAGAAAGAAAGAAAGAAAGAAAGAAAGAAAGAAAGAAAGAAAGAAAGAAAGAAAGAAAGAAAGAAAGGAAGAAAGA
DXS10074,19,19d,AAGAAAGAAAGAAAGAAAGAAAGAAAGAAAGAAAGAAAGAAAGAAAGAAAGAAAGAAAGAAAGAAAGGAAAAAAGA
DXS10074,20,20b,AAGAAAGAAAGAAAGAAAGAAAGAAAGAAAGAAAGAAAGAAAGAAAGAAAGAAAGAAAGAAAGAAAGAAAGGAAGAAAGA
DXS10074,20,20d,AAGAAAGAAAGAAAGAAAGAAAGAAAGAAAGAAAGAAAGAAAGAAAGAAAGAAAGAAAGAAAGAAAGAAAGGAAAAAAGA
DXS10074,21,21b,AAGAAAGAAAGAAAGAAAGAAAGAAAGAAAGAAAGAAAGAAAGAAAGAAAGAAAGAAAGAAAGAAAGAAAGAAAGGAAGAAAGA
DXS10103,14,14b,TAGATAGACTGACAGATAGATAGATAGATAGATAGATAGACAGACAGACAGACAGATAGA
DXS10103,15,15b,TAGATAGACTGACAGATAGATAGATAGATAGATAGATAGATAGACAGACAGACAGACAGATAGA
DXS10103,15,15d,TAGATTGACAGATAGATAGATAGATAGATAGATAGATAGATAGACAGACAGACAGACAGATAGA
DXS10103,16,16b,TAGATAGACTGACAGATAGATAGATAGATAGATAGATAGATAGATAGACAGACAGACAGACAGATAGA
DXS10103,16,16d,TAGATTGACAGATAGATAGATAGATAGATAGATAGATAGATAGATAGACAGACAGACAGACAGATAGA
DXS10103,16,16e,TAGATAGACTGACAGATAGATAGATAGATAGATAGATAGATAGATAGATAGACAGACAGACAGACAGA
DXS10103,17,17b,TAGATAGACTGACAGATAGATAGATAGATAGATAGATAGATAGATAGATAGACAGACAGACAGACAGATAGA
DXS10103,17,17c,TAGATAGACTGACAGATAGATAGATAGATAGATAGATAGATAGATAGACAGACAGACAGACAGACAGATAGA
DXS10103,17,17d,TAGATTGACAGATAGATAGATAGATAGATAGATAGATAGATAGATAGATAGACAGACAGACAGACAGATAGA
DXS10103,17,17f,TAGATAGACAGATAGATAGATAGATAGATAGATAGATAGATAGATAGATAGACAGACAGACAGACAGATAGA
DXS10103,18,18a,TAGATAGACTGACAGATAGATAGATAGATAGATAGATAGATAGATAGATAGATAGATAGACAGACAGACAGATAGA
DXS10103,18,18b,TAGATAGACTGACAGATAGATAGATAGATAGATAGATAGATAGATAGATAGATAGACAGACAGACAGACAGATAGA
DXS10103,18,18c,TAGATAGACTGACAGATAGATAGATAGATAGATAGATAGATAGATAGATAGACAGACAGACAGACAGACAGATAGA
DXS10103,18,18d,TAGATTGACAGATAGATAGATAGATAGATAGATAGATAGATAGATAGATAGATAGACAGACAGACAGACAGATAGA
DXS10103,19,19b,TAGATAGACTGACAGATAGATAGATAGATAGATAGATAGATAGATAGATAGATAGATAGACAGACAGACAGACAGATAGA
DXS10103,19,19c,TAGATAGACTGACAGATAGATAGATAGATAGATAGATAGATAGATAGATAGATAGACAGACAGACAGACAGACAGATAGA
DXS10103,19,19d,TAGATTGACAGATAGATAGATAGATAGATAGATAGATAGATAGATAGATAGATAGATAGACAGACAGACAGACAGATAGA
DXS10103,19,19.3g,TAGATAGACTGACAGATGATAGATAGATAGATAGATAGATAGATAGATAGATAGATAGATAGACAGACAGACAGACAGATAGA
DXS10103,20,20b,TAGATAGACTGACAGATAGATAGATAGATAGATAGATAGATAGATAGATAGATAGATAGATAGACAGACAGACAGACAGATAGA
DXS10103,20,20c,TAGATAGACTGACAGATAGATAGATAGATAGATAGATAGATAGATAGATAGATAGATAGACAGACAGACAGACAGACAGATAGA
DXS10103,21,21b,TAGATAGACTGACAGATAGATAGATAGATAGATAGATAGATAGATAGATAGATAGATAGATAGATAGACAGACAGACAGACAGATAGA
DXS10103,21,21c,TAGATAGACTGACAGATAGATAGATAGATAGATAGATAGATAGATAGATAGATAGATAGATAGACAGACAGACAGACAGACAGATAGA
DXS10103,22,22b,TAGATAGACTGACAGATAGATAGATAGATAGATAGATAGATAGATAGATAGATAGATAGATAGATAGACAGACAGACAGACAGACAGATAGA
DXS10135,15,15a,AAGAAAGAAAGAGAAAGGAAAGAAAGAAAGAAAGAAAGAAAGAAAGAAAGAAAGAAAGAAAGAAAAGAGAATAGAAAAGAAGAGAAGAGAAAAGAGAAAAGAAAAAAGAAAAGAAA
DXS10135,15.1,15.1i,AAGAAAGAAAGAGAAAGGAAAGAAAGAAAGAAAGAAAGAAAGAAAGAAAGAAAGAAAGAAAGAAAGAAAAGAGAATAGAAAAGAGAAGAGAAAAGAGAAAAGAAAAAAGAAAAGAAA
DXS10135,16,16a,AAGAAAGAAAGAGAAAGGAAAGAAAGAAAGAAAGAAAGAAAGAAAGAAAGAAAGAAAGAAAGAAAGAAAAGAGAATAGAAAAGAAGAGAAGAGAAAAGAGAAAAGAAAAAAGAAAAGAAA
DXS10135,16,16b,AAGAAAGAAAGAGAAAGGAAAGAAAGAAAGAAAGAAAGAAAGAAAGAAAGAAAGAAAGAAAGGAAGAAAAGAGAATAGAAAAGAAGAGAAGAGAAAAGAGAAAAGAAAAAAGAAAAGAAA
DXS10135,17,17a,AAGAAAGAAAGAGAAAGGAAAGAAAGAAAGAAAGAAAGAAAGAAAGAAAGAAAGAAAGAAAGAAAGAAAGAAAAGAGAATAGAAAAGAAGAGAAGAGAAAAGAGAAAAGAAAAAAGAAAAGAAA
DXS10135,17,17b,AAGAAAGAAAGAGAAAGGAAAGAAAGAAAGAAAGAAAGAAAGAAAGAAAGAAAGAAAGAAAGAAAGGAAGAAAAGAGAATAGAAAAGAAGAGAAGAGAAAAGAGAAAAGAAAAAAGAAAAGAAA
DXS10135,17.1,17.1i,AAGAAAGAAAGAGAAAGGAAAGAAAGAAAGAAAGAAAGAAAGAAAGAAAGAAAGAAAGAAAGAAAGAAAGAAAGAAAAGAGAATAGAAAAGAGAAGAGAAAAGAGAAAAGAAAAAAGAAAAGAAA
DXS10135,18,18a,AAGAAAGAAAGAGAAAGGAAAGAAAGAAAGAAAGAAAGAAAGAAAGAAAGAAAGAAAGAAAGAAAGAAAGAAAGAAAAGAGAATAGAAAAGAAGAGAAGAGAAAAGAGAAAAGAAAAAAGAAAAGAAA
DXS10135,18,18b,AAGAAAGAAAGAGAAAGGAAAGAAAGAAAGAAAGAAAGAAAGAAAGAAAGAAAGAAAGAAAGAAAGAAAGGAAGAAAAGAGAATAGAAAAGAAGAGAAGAGAAAAGAGAAAAGAAAAAAGAAAAGAAA
DXS10135,18.1,18.1i,AAGAAAGAAAGAGAAAGGAAAGAAAGAAAGAAAGAAAGAAAGAAAGAAAGAAAGAAAGAAAGAAAGAAAGAAAGAAAGAAAAGAGAATAGAAAAGAGAAGAGAAAAGAGAAAAGAAAAAAGAAAAGAAA
DXS10135,19,19a,AAGAAAGAAAGAGAAAGGAAAGAAAGAAAGAAAGAAAGAAAGAAAGAAAGAAAGAAAGAAAGAAAGAAAGAAAGAAAGAAAAGAGAATAGAAAAGAAGAGAAGAGAAAAGAGAAAAGAAAAAAGAAAAGAAA
DXS10135,19,19b,AAGAAAGAAAGAGAAAGGAAAGAAAGAAAGAAAGAAAGAAAGAAAGAAAGAAAGAAAGAAAGAAAGAAAGAAAGGAAGAAAAGAGAATAGAAAAGAAGAGAAGAGAAAAGAGAAAAGAAAAAAGAAAAGAAA
DXS10135,19,19c,AAGAAAGAAAGAGAAAGGAAAGAAAGAAAGAAAGAAAGAAAGAAAGAAAGAAAGAAAGAAAGAAAGGAAGGAAGGAAGAAAAGAGAATAGAAAAGAAGAGAAGAGAAAAGAGAAAAGAAAAAAGAAAAGAAA
DXS10135,19.1,19.1i,AAGAAAGAAAGAGAAAGGAAAGAAAGAAAGAAAGAAAGAAAGAAAGAAAGAAAGAAAGAAAGAAAGAAAGAAAGAAAGAAAGAAAAGAGAATAGAAAAGAGAAGAGAAAAGAGAAAAGAAAAAAGAAAAGAAA
DXS10135,20,20a,AAGAAAGAAAGAGAAAGGAAAGAAAGAAAGAAAGAAAGAAAGAAAGAAAGAAAGAAAGAAAGAAAGAAAGAAAGAAAGAAAGAAAAGAGAATAGAAAAGAAGAGAAGAGAAAAGAGAAAAGAAAAAAGAAAAGAAA
DXS10135,20,20b,AAGAAAGAAAGAGAAAGGAAAGAAAGAAAGAAAGAAAGAAAGAAAGAAAGAAAGAAAGAAAGAAAGAAAGAAAGAAAGGAAGAAAAGAGAATAGAAAAGAAGAGAAGAGAAAAGAGAAAAGAAAAAAGAAAAGAAA
DXS10135,20,20d,AAGAAAGAAAGAGAAAGGAAAGAAAGAAAGAAAGAAAGAAAGAAAGAAAGAAAGAAAGAAAGAAAGAAAGGAAGGAAGGAAGAAAAGAGAATAGAAAAGAAGAGAAGAGAAAAGAGAAAAGAAAAAAGAAAAGAAA
DXS10135,20.1,20.1i,AAGAAAGAAAGAGAAAGGAAAGAAAGAAAGAAAGAAAGAAAGAAAGAAAGAAAGAAAGAAAGAAAGAAAGAAAGAAAGAAAGAAAGAAAAGAGAATAGAAAAGAGAAGAGAAAAGAGAAAAGAAAAAAGAAAAGAAA
DXS10135,21,21a,AAGAAAGAAAGAGAAAGGAAAGAAAGAAAGAAAGAAAGAAAGAAAGAAAGAAAGAAAGAAAGAAAGAAAGAAAGAAAGAAAGAAAGAAAAGAGAATAGAAAAGAAGAGAAGAGAAAAGAGAAAAGAAAAAAGAAAAGAAA
DXS10135,21,21b,AAGAAAGAAAGAGAAAGGAAAGAAAGAAAGAAAGAAAGAAAGAAAGAAAGAAAGAAAGAAAGAAAGAAAGAAAGAAAGAAAGGAAGAAAAGAGAATAGAAAAGAAGAGAAGAGAAAAGAGAAAAGAAAAAAGAAAAGAAA
DXS10135,21,21c,AAGAAAGAAAGAGAAAGGAAAGAAAGAAAGAAAGAAAGAAAGAAAGAAAGAAAGAAAGAAAGAAAGAAAGAAAGGAAGGAAGGAAGAAAAGAGAATAGAAAAGAAGAGAAGAGAAAAGAGAAAAGAAAAAAGAAAAGAAA
DXS10135,21,21d,AAGAAAGAAAGAGAAAGGAAAGAAAGAAAGAAAGAAAGAAAGAAAGAAAGAAAGAAAGAAAGAAAGAAAGAAAGGAAGGAAGGAAGAAAAGAGAATAGAAAAGAAGAGAAGAGAAAAGAGAAAAGAAAAAAGAAAAGAAA
DXS10135,21,21k,AAGAAAGAAAGAGAAAGGAAAGAAAGAAAGAAAGAAAGAAAGAAAGAAAGAAAGAAAGAAAGAAAGAAAGAAAGAAAGAAAGAAAGAAAGGAGAATAGAAAAGAAGAGAAGAGAAAAGAGAAAAGAAAAAAGAAAAGAAA
DXS10135,21.1,21.1i,AAGAAAGAAAGAGAAAGGAAAGAAAGAAAGAAAGAAAGAAAGAAAGAAAGAAAGAAAGAAAGAAAGAAAGAAAGAAAGAAAGAAAGAAAGAAAAGAGAATAGAAAAGAGAAGAGAAAAGAGAAAAGAAAAAAGAAAAGAAA
DXS10135,22,22a,AAGAAAGAAAGAGAAAGGAAAGAAAGAAAGAAAGAAAGAAAGAAAGAAAGAAAGAAAGAAAGAAAGAAAGAAAGAAAGAAAGAAAGAAAGAAAAGAGAATAGAAAAGAAGAGAAGAGAAAAGAGAAAAGAAAAAAGAAAAGAAA
DXS10135,22,22b,AAGAAAGAAAGAGAAAGGAAAGAAAGAAAGAAAGAAAGAAAGAAAGAAAGAAAGAAAGAAAGAAAGAAAGAAAGAAAGAAAGAAAGGAAGAAAAGAGAATAGAAAAGAAGAGAAGAGAAAAGAGAAAAGAAAAAAGAAAAGAAA
DXS10135,22,22d,AAGAAAGAAAGAGAAAGGAAAGAAAGAAAGAAAGAAAGAAAGAAAGAAAGAAAGAAAGAAAGAAAGAAAGAAAGAAAGGAAGGAAGGAAGAAAAGAGAATAGAAAAGAAGAGAAGAGAAAAGAGAAAAGAAAAAAGAAAAGAAA
DXS10135,22,22e,AAGAAAGAAAGAGAAAGGAAAGAAAGAAAGAAAGAAAGAAAGAAAGAAAGAAAGAAAGAAAGAAAGAAAGAAAGGAAGGAAGGAAGGAAGAAAAGAGAATAGAAAAGAAGAGAAGAGAAAAGAGAAAAGAAAAAAGAAAAGAAA
DXS10135,22,22f,AAGAAAGAAAGAGAAAGGAAAGAAAGAAAGAAAGAAAGAAAGAAAGAAAGAAAGAAAGAAAGAAAGAAAGGAAGAAAGAAAGAAAGGAAGAAAAGAGAATAGAAAAGAAGAGAAGAGAAAAGAGAAAAGAAAAAAGAAAAGAAA
DXS10135,22.1,22.1i,AAGAAAGAAAGAGAAAGGAAAGAAAGAAAGAAAGAAAGAAAGAAAGAAAGAAAGAAAGAAAGAAAGAAAGAAAGAAAGAAAGAAAGAAAGAAAGAAAAGAGAATAGAAAAGAGAAGAGAAAAGAGAAAAGAAAAAAGAAAAGAAA
DXS10135,23,23a,AAGAAAGAAAGAGAAAGGAAAGAAAGAAAGAAAGAAAGAAAGAAAGAAAGAAAGAAAGAAAGAAAGAAAGAAAGAAAGAAAGAAAGAAAGAAAGAAAAGAGAATAGAAAAGAAGAGAAGAGAAAAGAGAAAAGAAAAAAGAAAAGAAA
DXS10135,23,23b,AAGAAAGAAAGAGAAAGGAAAGAAAGAAAGAAAGAAAGAAAGAAAGAAAGAAAGAAAGAAAGAAAGAAAGAAAGAAAGAAAGAAAGAAAGGAAGAAAAGAGAATAGAAAAGAAGAGAAGAGAAAAGAGAAAAGAAAAAAGAAAAGAAA
DXS10135,23,23d,AAGAAAGAAAGAGAAAGGAAAGAAAGAAAGAAAGAAAGAAAGAAAGAAAGAAAGAAAGAAAGAAAGAAAGAAAGAAAGAAAGGAAGGAAGGAAGAAAAGAGAATAGAAAAGAAGAGAAGAGAAAAGAGAAAAGAAAAAAGAAAAGAAA
DXS10135,23,23e,AAGAAAGAAAGAGAAAGGAAAGAAAGAAAGAAAGAAAGAAAGAAAGAAAGAAAGAAAGAAAGAAAGAAAGAAAGAAAGGAAGGAAGGAAGGAAGAAAAGAGAATAGAAAAGAAGAGAAGAGAAAAGAGAAAAGAAAAAAGAAAAGAAA
DXS10135,23,23f,AAGAAAGAAAGAGAAAGGAAAGAAAGAAAGAAAGAAAGAAAGAAAGAAAGAAAGAAAGAAAGAAAGAAAGAAAGGAAGAAAGAAAGAAAGGAAGAAAAGAGAATAGAAAAGAAGAGAAGAGAAAAGAGAAAAGAAAAAAGAAAAGAAA
DXS10135,23.1,23.1i,AAGAAAGAAAGAGAAAGGAAAGAAAGAAAGAAAGAAAGAAAGAAAGAAAGAAAGAAAGAAAGAAAGAAAGAAAGAAAGAAAGAAAGAAAGAAAGAAAGAAAAGAGAATAGAAAAGAGAAGAGAAAAGAGAAAAGAAAAAAGAAAAGAAA
DXS10135,23.2,23.2l,AAGAAAGAAAGAGAAAGGAAAGAAAGAAAGAAAGAAAGAAAGAAAGAAAGAAAGAAAGAAAGAAAGAAAGAAAGAGAAAGAAAGAAAGAAAGAAAGAAAAGAGAATAGAAAAGAAGAGAAGAGAAAAGAGAAAAGAAAAAAGAAAAGAAA
DXS10135,24,24a,AAGAAAGAAAGAGAAAGGAAAGAAAGAAAGAAAGAAAGAAAGAAAGAAAGAAAGAAAGAAAGAAAGAAAGAAAGAAAGAAAGAAAGAAAGAAAGAAAGAAAAGAGAATAGAAAAGAAGAGAAGAGAAAAGAGAAAAGAAAAAAGAAAAGAAA
DXS10135,24,24b,AAGAAAGAAAGAGAAAGGAAAGAAAGAAAGAAAGAAAGAAAGAAAGAAAGAAAGAAAGAAAGAAAGAAAGAAAGAAAGAAAGAAAGAAAGAAAGGAAGAAAAGAGAATAGAAAAGAAGAGAAGAGAAAAGAGAAAAGAAAAAAGAAAAGAAA
DXS10135,24,24c,AAGAAAGAAAGAGAAAGGAAAGAAAGAAAGAAAGAAAGAAAGAAAGAAAGAAAGAAAGAAAGAAAGAAAGAAAGAAAGAAAGAAAGAAAGGAAGGAAGAAAAGAGAATAGAAAAGAAGAGAAGAGAAAAGAGAAAAGAAAAAAGAAAAGAAA
DXS10135,24,24d,AAGAAAGAAAGAGAAAGGAAAGAAAGAAAGAAAGAAAGAAAGAAAGAAAGAAAGAAAGAAAGAAAGAAAGAAAGAAAGAAAGAAAGGAAGGAAGGAAGAAAAGAGAATAGAAAAGAAGAGAAGAGAAAAGAGAAAAGAAAAAAGAAAAGAAA
DXS10135,24,24e,AAGAAAGAAAGAGAAAGGAAAGAAAGAAAGAAAGAAAGAAAGAAAGAAAGAAAGAAAGAAAGAAAGAAAGAAAGAAAGAAAGGAAGGAAGGAAGGAAGAAAAGAGAATAGAAAAGAAGAGAAGAGAAAAGAGAAAAGAAAAAAGAAAAGAAA
DXS10135,24,24f,AAGAAAGAAAGAGAAAGGAAAGAAAGAAAGAAAGAAAGAAAGAAAGAAAGAAAGAAAGAAAGAAAGAAAGAAAGAAAGGAAGAAAGAAAGAAAGGAAGAAAAGAGAATAGAAAAGAAGAGAAGAGAAAAGAGAAAAGAAAAAAGAAAAGAAA
DXS10135,24.1,24.1i,AAGAAAGAAAGAGAAAGGAAAGAAAGAAAGAAAGAAAGAAAGAAAGAAAGAAAGAAAGAAAGAAAGAAAGAAAGAAAGAAAGAAAGAAAGAAAGAAAGAAAGAAAAGAGAATAGAAAAGAGAAGAGAAAAGAGAAAAGAAAAAAGAAAAGAAA
DXS10135,25,25a,AAGAAAGAAAGAGAAAGGAAAGAAAGAAAGAAAGAAAGAAAGAAAGAAAGAAAGAAAGAAAGAAAGAAAGAAAGAAAGAAAGAAAGAAAGAAAGAAAGAAAGAAAAGAGAATAGAAAAGAAGAGAAGAGAAAAGAGAAAAGAAAAAAGAAAAGAAA
DXS10135,25,25b,AAGAAAGAAAGAGAAAGGAAAGAAAGAAAGAAAGAAAGAAAGAAAGAAAGAAAGAAAGAAAGAAAGAAAGAAAGAAAGAAAGAAAGAAAGAAAGAAAGGAAGAAAAGAGAATAGAAAAGAAGAGAAGAGAAAAGAGAAAAGAAAAAAGAAAAGAAA
DXS10135,25,25j,AAGAAAGAAAGAGAAAGGAAAGAAAGAAAGAAAGAAAGAAAGAAAGAAAGAAAGAAAGAAAGAAAGAAAGAAAGAAAGAAAGAAAGAAAGAAAGGAAGAAAGAAAGAAAGGAAGAAAAGAGAATAGAAAAGAAGAGAAGAGAAAAGAGAAAAGAAA
DXS10135,25,25c,AAGAAAGAAAGAGAAAGGAAAGAAAGAAAGAAAGAAAGAAAGAAAGAAAGAAAGAAAGAAAGAAAGAAAGAAAGAAAGAAAGAAAGAAAGAAAGGAAGGAAGAAAAGAGAATAGAAAAGAAGAGAAGAGAAAAGAGAAAAGAAAAAAGAAAAGAAA
DXS10135,25,25d,AAGAAAGAAAGAGAAAGGAAAGAAAGAAAGAAAGAAAGAAAGAAAGAAAGAAAGAAAGAAAGAAAGAAAGAAAGAAAGAAAGAAAGAAAGGAAGGAAGGAAGAAAAGAGAATAGAAAAGAAGAGAAGAGAAAAGAGAAAAGAAAAAAGAAAAGAAA
DXS10135,25,25e,AAGAAAGAAAGAGAAAGGAAAGAAAGAAAGAAAGAAAGAAAGAAAGAAAGAAAGAAAGAAAGAAAGAAAGAAAGAAAGAAAGAAAGGAAGGAAGGAAGGAAGAAAAGAGAATAGAAAAGAAGAGAAGAGAAAAGAGAAAAGAAAAAAGAAAAGAAA
DXS10135,25,25f,AAGAAAGAAAGAGAAAGGAAAGAAAGAAAGAAAGAAAGAAAGAAAGAAAGAAAGAAAGAAAGAAAGAAAGAAAGAAAGAAAGGAAGAAAGAAAGAAAGGAAGAAAAGAGAATAGAAAAGAAGAGAAGAGAAAAGAGAAAAGAAAAAAGAAAAGAAA
DXS10135,25.1,25.1i,AAGAAAGAAAGAGAAAGGAAAGAAAGAAAGAAAGAAAGAAAGAAAGAAAGAAAGAAAGAAAGAAAGAAAGAAAGAAAGAAAGAAAGAAAGAAAGAAAGAAAGAAAGAAAAGAGAATAGAAAAGAGAAGAGAAAAGAGAAAAGAAAAAAGAAAAGAAA
DXS10135,26,26a,AAGAAAGAAAGAGAAAGGAAAGAAAGAAAGAAAGAAAGAAAGAAAGAAAGAAAGAAAGAAAGAAAGAAAGAAAGAAAGAAAGAAAGAAAGAAAGAAAGAAAGAAAGAAAAGAGAATAGAAAAGAAGAGAAGAGAAAAGAGAAAAGAAAAAAGAAAAGAAA
DXS10135,26,26j,AAGAAAGAAAGAGAAAGGAAAGAAAGAAAGAAAGAAAGAAAGAAAGAAAGAAAGAAAGAAAGAAAGAAAGAAAGAAAGAAAGAAAGAAAGAAAGAAAGGAAGAAAGAAAGAAAGGAAGAAAAGAGAATAGAAAAGAAGAGAAGAGAAAAGAGAAAAGAAA
DXS10135,26,26d,AAGAAAGAAAGAGAAAGGAAAGAAAGAAAGAAAGAAAGAAAGAAAGAAAGAAAGAAAGAAAGAAAGAAAGAAAGAAAGAAAGAAAGAAAGAAAGGAAGGAAGGAAGAAAAGAGAATAGAAAAGAAGAGAAGAGAAAAGAGAAAAGAAAAAAGAAAAGAAA
DXS10135,26,26e,AAGAAAGAAAGAGAAAGGAAAGAAAGAAAGAAAGAAAGAAAGAAAGAAAGAAAGAAAGAAAGAAAGAAAGAAAGAAAGAAAGAAAGAAAGGAAGGAAGGAAGGAAGAAAAGAGAATAGAAAAGAAGAGAAGAGAAAAGAGAAAAGAAAAAAGAAAAGAAA
DXS10135,26,26f,AAGAAAGAAAGAGAAAGGAAAGAAAGAAAGAAAGAAAGAAAGAAAGAAAGAAAGAAAGAAAGAAAGAAAGAAAGAAAGAAAGAAAGGAAGAAAGAAAGAAAGGAAGAAAAGAGAATAGAAAAGAAGAGAAGAGAAAAGAGAAAAGAAAAAAGAAAAGAAA
DXS10135,26,26k,AAGAAAGAAAGAGAAAGGAAAGAAAGAAAGAAAGAAAGAAAGAAAGAAAGAAAGAAAGAAAGAAAGAAAGAAAGAAAGAAAGAAAGAAAGAAAGAAAGAAAGAAAGAAAGGAGAATAGAAAAGAAGAGAAGAGAAAAGAGAAAAGAAAAAAGAAAAGAAA
DXS10135,26.1,26.1i,AAGAAAGAAAGAGAAAGGAAAGAAAGAAAGAAAGAAAGAAAGAAAGAAAGAAAGAAAGAAAGAAAGAAAGAAAGAAAGAAAGAAAGAAAGAAAGAAAGAAAGAAAGAAAGAAAAGAGAATAGAAAAGAGAAGAGAAAAGAGAAAAGAAAAAAGAAAAGAAA
DXS10135,27,27a,AAGAAAGAAAGAGAAAGGAAAGAAAGAAAGAAAGAAAGAAAGAAAGAAAGAAAGAAAGAAAGAAAGAAAGAAAGAAAGAAAGAAAGAAAGAAAGAAAGAAAGAAAGAAAGAAAAGAGAATAGAAAAGAAGAGAAGAGAAAAGAGAAAAGAAAAAAGAAAAGAAA
DXS10135,27,27b,AAGAAAGAAAGAGAAAGGAAAGAAAGAAAGAAAGAAAGAAAGAAAGAAAGAAAGAAAGAAAGAAAGAAAGAAAGAAAGAAAGAAAGAAAGAAAGAAAGAAAGAAAGGAAGAAAAGAGAATAGAAAAGAAGAGAAGAGAAAAGAGAAAAGAAAAAAGAAAAGAAA
DXS10135,27,27c,AAGAAAGAAAGAGAAAGGAAAGAAAGAAAGAAAGAAAGAAAGAAAGAAAGAAAGAAAGAAAGAAAGAAAGAAAGAAAGAAAGAAAGAAAGAAAGAAAGAAAGGAAGGAAGAAAAGAGAATAGAAAAGAAGAGAAGAGAAAAGAGAAAAGAAAAAAGAAAAGAAA
DXS10135,27,27d,AAGAAAGAAAGAGAAAGGAAAGAAAGAAAGAAAGAAAGAAAGAAAGAAAGAAAGAAAGAAAGAAAGAAAGAAAGAAAGAAAGAAAGAAAGAAAGAAAGGAAGGAAGGAAGAAAAGAGAATAGAAAAGAAGAGAAGAGAAAAGAGAAAAGAAAAAAGAAAAGAAA
DXS10135,27,27e,AAGAAAGAAAGAGAAAGGAAAGAAAGAAAGAAAGAAAGAAAGAAAGAAAGAAAGAAAGAAAGAAAGAAAGAAAGAAAGAAAGAAAGAAAGAAAGGAAGGAAGGAAGGAAGAAAAGAGAATAGAAAAGAAGAGAAGAGAAAAGAGAAAAGAAAAAAGAAAAGAAA
DXS10135,27,27f,AAGAAAGAAAGAGAAAGGAAAGAAAGAAAGAAAGAAAGAAAGAAAGAAAGAAAGAAAGAAAGAAAGAAAGAAAGAAAGAAAGAAAGAAAGGAAGAAAGAAAGAAAGGAAGAAAAGAGAATAGAAAAGAAGAGAAGAGAAAAGAGAAAAGAAAAAAGAAAAGAAA
DXS10135,27,27k,AAGAAAGAAAGAGAAAGGAAAGAAAGAAAGAAAGAAAGAAAGAAAGAAAGAAAGAAAGAAAGAAAGAAAGAAAGAAAGAAAGAAAGAAAGAAAGAAAGAAAGAAAGAAAGAAAGGAGAATAGAAAAGAAGAGAAGAGAAAAGAGAAAAGAAAAAAGAAAAGAAA
DXS10135,27.2,27.2m,AAGAAAGAAAGAGAAAGGAAAGAAAGAAAGAAAGAAAGAAAGAAAGAAAGAAAGAGAAAGAAAGAAAGAAAGAAAGAAAGAAAGAAAGAAAGAAAGAAAGAAAGAAAGAAAGAAAAGAGAATAGAAAAGAAGAGAAGAGAAAAGAGAAAAGAAAAAAGAAAAGAAA
DXS10135,28,28a,AAGAAAGAAAGAGAAAGGAAAGAAAGAAAGAAAGAAAGAAAGAAAGAAAGAAAGAAAGAAAGAAAGAAAGAAAGAAAGAAAGAAAGAAAGAAAGAAAGAAAGAAAGAAAGAAAGAAAAGAGAATAGAAAAGAAGAGAAGAGAAAAGAGAAAAGAAAAAAGAAAAGAAA
DXS10135,28,28d,AAGAAAGAAAGAGAAAGGAAAGAAAGAAAGAAAGAAAGAAAGAAAGAAAGAAAGAAAGAAAGAAAGAAAGAAAGAAAGAAAGAAAGAAAGAAAGAAAGAAAGGAAGGAAGGAAGAAAAGAGAATAGAAAAGAAGAGAAGAGAAAAGAGAAAAGAAAAAAGAAAAGAAA
DXS10135,28,28e,AAGAAAGAAAGAGAAAGGAAAGAAAGAAAGAAAGAAAGAAAGAAAGAAAGAAAGAAAGAAAGAAAGAAAGAAAGAAAGAAAGAAAGAAAGAAAGAAAGGAAGGAAGGAAGGAAGAAAAGAGAATAGAAAAGAAGAGAAGAGAAAAGAGAAAAGAAAAAAGAAAAGAAA
DXS10135,28,28f,AAGAAAGAAAGAGAAAGGAAAGAAAGAAAGAAAGAAAGAAAGAAAGAAAGAAAGAAAGAAAGAAAGAAAGAAAGAAAGAAAGAAAGAAAGAAAGGAAGAAAGAAAGAAAGGAAGAAAAGAGAATAGAAAAGAAGAGAAGAGAAAAGAGAAAAGAAAAAAGAAAAGAAA
DXS10135,28,28h,AAGAAAGAAAGAGAAAGGAAAGAAAGAAAGAAAGAAAGAAAGAAAGAAAGAAAGAAAGAAAGAAAGAAAGAAAGAAAGGAAGAAAGAAAGAAAGGAAGAAAGAAAGAAAGGAAGAAAAGAGAATAGAAAAGAAGAGAAGAGAAAAGAGAAAAGAAAAAAGAAAAGAAA
DXS10135,28,28n,AAGAAAGAAAGAGAAAGGAAAGAAAGAAAGAAAGAAAGAAAGAAAGAAAGAAAGAAAGAAAGAAAGAAAGAAAGAAAGAAAGAAAGAAAGGAAGGAAGAAAGAAAGAAAGGAAGAAAAGAGAATAGAAAAGAAGAGAAGAGAAAAGAGAAAAGAAAAAAGAAAAGAAA
DXS10135,28,28o,AAGAAAGAAAGAGAAAGGAAAGAAAGAAAGAAAGAAAGAAAGAAAGAAAGAAAGAAAGAAAGAAAGAAAGAAAGAAAGAAAGAAAGAAAGGAAGGAAGAAAGAAAGAAAGGAAGAAAAGAGAATAGAAAAGAAGAGAAGAGAAAAGAGAAAAGAAAAAAGAAAAGAAA
DXS10135,28.1,28.1i,AAGAAAGAAAGAGAAAGGAAAGAAAGAAAGAAAGAAAGAAAGAAAGAAAGAAAGAAAGAAAGAAAGAAAGAAAGAAAGAAAGAAAGAAAGAAAGAAAGAAAGAAAGAAAGAAAGAAAGAAAAGAGAATAGAAAAGAGAAGAGAAAAGAGAAAAGAAAAAAGAAAAGAAA
DXS10135,29,29a,AAGAAAGAAAGAGAAAGGAAAGAAAGAAAGAAAGAAAGAAAGAAAGAAAGAAAGAAAGAAAGAAAGAAAGAAAGAAAGAAAGAAAGAAAGAAAGAAAGAAAGAAAGAAAGAAAGAAAGAAAAGAGAATAGAAAAGAAGAGAAGAGAAAAGAGAAAAGAAAAAAGAAAAGAAA
DXS10135,29,29d,AAGAAAGAAAGAGAAAGGAAAGAAAGAAAGAAAGAAAGAAAGAAAGAAAGAAAGAAAGAAAGAAAGAAAGAAAGAAAGAAAGAAAGAAAGAAAGAAAGAAAGAAAGGAAGGAAGGAAGAAAAGAGAATAGAAAAGAAGAGAAGAGAAAAGAGAAAAGAAAAAAGAAAAGAAA
DXS10135,29,29e,AAGAAAGAAAGAGAAAGGAAAGAAAGAAAGAAAGAAAGAAAGAAAGAAAGAAAGAAAGAAAGAAAGAAAGAAAGAAAGAAAGAAAGAAAGAAAGAAAGAAAGGAAGGAAGGAAGGAAGAAAAGAGAATAGAAAAGAAGAGAAGAGAAAAGAGAAAAGAAAAAAGAAAAGAAA
DXS10135,29,29f,AAGAAAGAAAGAGAAAGGAAAGAAAGAAAGAAAGAAAGAAAGAAAGAAAGAAAGAAAGAAAGAAAGAAAGAAAGAAAGAAAGAAAGAAAGAAAGAAAGGAAGAAAGAAAGAAAGGAAGAAAAGAGAATAGAAAAGAAGAGAAGAGAAAAGAGAAAAGAAAAAAGAAAAGAAA
DXS10135,29,29g,AAGAAAGAAAGAGAAAGGAAAGAAAGAAAGAAAGAAAGAAAGAAAGAAAGAAAGAAAGAAAGAAAGAAAGAAAGAAAGAAAGAAAGAAAGAAAGGAAGAAAGAAAGAAAGAAAGGAAGAAAAGAGAATAGAAAAGAAGAGAAGAGAAAAGAGAAAAGAAAAAAGAAAAGAAA
DXS10135,29,29h,AAGAAAGAAAGAGAAAGGAAAGAAAGAAAGAAAGAAAGAAAGAAAGAAAGAAAGAAAGAAAGAAAGAAAGAAAGAAAGAAAGGAAGAAAGAAAGAAAGGAAGAAAGAAAGAAAGGAAGAAAAGAGAATAGAAAAGAAGAGAAGAGAAAAGAGAAAAGAAAAAAGAAAAGAAA
DXS10135,29,29n,AAGAAAGAAAGAGAAAGGAAAGAAAGAAAGAAAGAAAGAAAGAAAGAAAGAAAGAAAGAAAGAAAGAAAGAAAGAAAGAAAGAAAGAAAGAAAGGAAGGAAGAAAGAAAGAAAGGAAGAAAAGAGAATAGAAAAGAAGAGAAGAGAAAAGAGAAAAGAAAAAAGAAAAGAAA
DXS10135,30,30a,AAGAAAGAAAGAGAAAGGAAAGAAAGAAAGAAAGAAAGAAAGAAAGAAAGAAAGAAAGAAAGAAAGAAAGAAAGAAAGAAAGAAAGAAAGAAAGAAAGAAAGAAAGAAAGAAAGAAAGAAAGAAAAGAGAATAGAAAAGAAGAGAAGAGAAAAGAGAAAAGAAAAAAGAAAAGAAA
DXS10135,30,30b,AAGAAAGAAAGAGAAAGGAAAGAAAGAAAGAAAGAAAGAAAGAAAGAAAGAAAGAAAGAAAGAAAGAAAGAAAGAAAGAAAGAAAGAAAGAAAGAAAGAAAGAAAGAAAGAAAGAAAGGAAGAAAAGAGAATAGAAAAGAAGAGAAGAGAAAAGAGAAAAGAAAAAAGAAAAGAAA
DXS10135,30,30d,AAGAAAGAAAGAGAAAGGAAAGAAAGAAAGAAAGAAAGAAAGAAAGAAAGAAAGAAAGAAAGAAAGAAAGAAAGAAAGAAAGAAAGAAAGAAAGAAAGAAAGAAAGAAAGGAAGGAAGGAAGAAAAGAGAATAGAAAAGAAGAGAAGAGAAAAGAGAAAAGAAAAAAGAAAAGAAA
DXS10135,30,30f,AAGAAAGAAAGAGAAAGGAAAGAAAGAAAGAAAGAAAGAAAGAAAGAAAGAAAGAAAGAAAGAAAGAAAGAAAGAAAGAAAGAAAGAAAGAAAGAAAGAAAGGAAGAAAGAAAGAAAGGAAGAAAAGAGAATAGAAAAGAAGAGAAGAGAAAAGAGAAAAGAAAAAAGAAAAGAAA
DXS10135,30,30h,AAGAAAGAAAGAGAAAGGAAAGAAAGAAAGAAAGAAAGAAAGAAAGAAAGAAAGAAAGAAAGAAAGAAAGAAAGAAAGAAAGAAAGGAAGAAAGAAAGAAAGGAAGAAAGAAAGAAAGGAAGAAAAGAGAATAGAAAAGAAGAGAAGAGAAAAGAGAAAAGAAAAAAGAAAAGAAA
DXS10135,30,30n,AAGAAAGAAAGAGAAAGGAAAGAAAGAAAGAAAGAAAGAAAGAAAGAAAGAAAGAAAGAAAGAAAGAAAGAAAGAAAGAAAGAAAGAAAGAAAGAAAGGAAGGAAGAAAGAAAGAAAGGAAGAAAAGAGAATAGAAAAGAAGAGAAGAGAAAAGAGAAAAGAAAAAAGAAAAGAAA
DXS10135,30,30p,AAGAAAGAAAGAGAAAGGAAAGAAAGAAAGAAAGAAAGAAAGAAAGAAAGAAAGAAAGAAAGAAAGAAAGAAAGAAAGAAAGAAAGAAAGAAAGAAAGAAAGGAAGGAAGGAAGGAAGGAAGAAAAGAGAATAGAAAAGAAGAGAAGAGAAAAGAGAAAAGAAAAAAGAAAAGAAA
DXS10135,30.1,30.1i,AAGAAAGAAAGAGAAAGGAAAGAAAGAAAGAAAGAAAGAAAGAAAGAAAGAAAGAAAGAAAGAAAGAAAGAAAGAAAGAAAGAAAGAAAGAAAGAAAGAAAGAAAGAAAGAAAGAAAGAAAGAAAGAAAAGAGAATAGAAAAGAGAAGAGAAAAGAGAAAAGAAAAAAGAAAAGAAA
DXS10135,30.1,30.1q,AAGAAAGAAAGAGAAAGGAAAGAAAGAAAGAAAGAAAGAAAGAAAGAAAGAAAGAAAGAAAGAAAGAAAGAAAGAAAGAAAGAAAGAAAAGAAAGAAAGAAAGAAAGAAAGAAAGAAAGGAAGAAAAGAGAATAGAAAAGAAGAGAAGAGAAAAGAGAAAAGAAAAAAGAAAAGAAA
DXS10135,31,31a,AAGAAAGAAAGAGAAAGGAAAGAAAGAAAGAAAGAAAGAAAGAAAGAAAGAAAGAAAGAAAGAAAGAAAGAAAGAAAGAAAGAAAGAAAGAAAGAAAGAAAGAAAGAAAGAAAGAAAGAAAGAAAGAAAAGAGAATAGAAAAGAAGAGAAGAGAAAAGAGAAAAGAAAAAAGAAAAGAAA
DXS10135,31,31f,AAGAAAGAAAGAGAAAGGAAAGAAAGAAAGAAAGAAAGAAAGAAAGAAAGAAAGAAAGAAAGAAAGAAAGAAAGAAAGAAAGAAAGAAAGAAAGAAAGAAAGAAAGGAAGAAAGAAAGAAAGGAAGAAAAGAGAATAGAAAAGAAGAGAAGAGAAAAGAGAAAAGAAAAAAGAAAAGAAA
DXS10135,31,31g,AAGAAAGAAAGAGAAAGGAAAGAAAGAAAGAAAGAAAGAAAGAAAGAAAGAAAGAAAGAAAGAAAGAAAGAAAGAAAGAAAGAAAGAAAGAAAGAAAGAAAGGAAGAAAGAAAGAAAGAAAGGAAGAAAAGAGAATAGAAAAGAAGAGAAGAGAAAAGAGAAAAGAAAAAAGAAAAGAAA
DXS10135,31,31h,AAGAAAGAAAGAGAAAGGAAAGAAAGAAAGAAAGAAAGAAAGAAAGAAAGAAAGAAAGAAAGAAAGAAAGAAAGAAAGAAAGAAAGAAAGGAAGAAAGAAAGAAAGGAAGAAAGAAAGAAAGGAAGAAAAGAGAATAGAAAAGAAGAGAAGAGAAAAGAGAAAAGAAAAAAGAAAAGAAA
DXS10135,32,32f,AAGAAAGAAAGAGAAAGGAAAGAAAGAAAGAAAGAAAGAAAGAAAGAAAGAAAGAAAGAAAGAAAGAAAGAAAGAAAGAAAGAAAGAAAGAAAGAAAGAAAGAAAGAAAGGAAGAAAGAAAGAAAGGAAGAAAAGAGAATAGAAAAGAAGAGAAGAGAAAAGAGAAAAGAAAAAAGAAAAGAAA
DXS10135,32,32g,AAGAAAGAAAGAGAAAGGAAAGAAAGAAAGAAAGAAAGAAAGAAAGAAAGAAAGAAAGAAAGAAAGAAAGAAAGAAAGAAAGAAAGAAAGAAAGAAAGAAAGAAAGGAAGAAAGAAAGAAAGAAAGGAAGAAAAGAGAATAGAAAAGAAGAGAAGAGAAAAGAGAAAAGAAAAAAGAAAAGAAA
DXS10135,32,32h,AAGAAAGAAAGAGAAAGGAAAGAAAGAAAGAAAGAAAGAAAGAAAGAAAGAAAGAAAGAAAGAAAGAAAGAAAGAAAGAAAGAAAGAAAGAAAGGAAGAAAGAAAGAAAGGAAGAAAGAAAGAAAGGAAGAAAAGAGAATAGAAAAGAAGAGAAGAGAAAAGAGAAAAGAAAAAAGAAAAGAAA
DXS10135,32.2,32.2s,AAGAAAGAAAGAGAAAGGAAAGAAAGAAAGAAAGAAAGAAAGAAAGAAAGAAAGAAAGAAAGAAAGAAAGAAAGAAAGAGAAAGAAAGAAAGAAAGAAAGAAAGAAAGAAAGAAAGAAAGAAAGAAAGAAAGAAAAGAGAATAGAAAAGAAGAGAAGAGAAAAGAGAAAAGAAAAAAGAAAAGAAA
DXS10135,33,33f,AAGAAAGAAAGAGAAAGGAAAGAAAGAAAGAAAGAAAGAAAGAAAGAAAGAAAGAAAGAAAGAAAGAAAGAAAGAAAGAAAGAAAGAAAGAAAGAAAGAAAGAAAGAAAGAAAGGAAGAAAGAAAGAAAGGAAGAAAAGAGAATAGAAAAGAAGAGAAGAGAAAAGAGAAAAGAAAAAAGAAAAGAAA
DXS10135,33,33g,AAGAAAGAAAGAGAAAGGAAAGAAAGAAAGAAAGAAAGAAAGAAAGAAAGAAAGAAAGAAAGAAAGAAAGAAAGAAAGAAAGAAAGAAAGAAAGAAAGAAAGAAAGAAAGGAAGAAAGAAAGAAAGAAAGGAAGAAAAGAGAATAGAAAAGAAGAGAAGAGAAAAGAGAAAAGAAAAAAGAAAAGAAA
DXS10135,33,33h,AAGAAAGAAAGAGAAAGGAAAGAAAGAAAGAAAGAAAGAAAGAAAGAAAGAAAGAAAGAAAGAAAGAAAGAAAGAAAGAAAGAAAGAAAGAAAGAAAGGAAGAAAGAAAGAAAGGAAGAAAGAAAGAAAGGAAGAAAAGAGAATAGAAAAGAAGAGAAGAGAAAAGAGAAAAGAAAAAAGAAAAGAAA
DXS10135,33,33n,AAGAAAGAAAGAGAAAGGAAAGAAAGAAAGAAAGAAAGAAAGAAAGAAAGAAAGAAAGAAAGAAAGAAAGAAAGAAAGAAAGAAAGAAAGAAAGAAAGAAAGAAAGAAAGGAAGGAAGAAAGAAAGAAAGGAAGAAAAGAGAATAGAAAAGAAGAGAAGAGAAAAGAGAAAAGAAAAAAGAAAAGAAA
DXS10135,33.2,33.2s,AAGAAAGAAAGAGAAAGGAAAGAAAGAAAGAAAGAAAGAAAGAAAGAAAGAAAGAAAGAAAGAAAGAAAGAAAGAAAGAAAGAGAAAGAAAGAAAGAAAGAAAGAAAGAAAGAAAGAAAGAAAGAAAGAAAGAAAGAAAAGAGAATAGAAAAGAAGAGAAGAGAAAAGAGAAAAGAAAAAAGAAAAGAAA
DXS10135,34,34f,AAGAAAGAAAGAGAAAGGAAAGAAAGAAAGAAAGAAAGAAAGAAAGAAAGAAAGAAAGAAAGAAAGAAAGAAAGAAAGAAAGAAAGAAAGAAAGAAAGAAAGAAAGAAAGAAAGAAAGGAAGAAAGAAAGAAAGGAAGAAAAGAGAATAGAAAAGAAGAGAAGAGAAAAGAGAAAAGAAAAAAGAAAAGAAA
DXS10135,34,34n,AAGAAAGAAAGAGAAAGGAAAGAAAGAAAGAAAGAAAGAAAGAAAGAAAGAAAGAAAGAAAGAAAGAAAGAAAGAAAGAAAGAAAGAAAGAAAGAAAGAAAGAAAGAAAGAAAGGAAGGAAGAAAGAAAGAAAGGAAGAAAAGAGAATAGAAAAGAAGAGAAGAGAAAAGAGAAAAGAAAAAAGAAAAGAAA
DXS10135,34.1,34.1q,AAGAAAGAAAGAGAAAGGAAAGAAAGAAAGAAAGAAAGAAAGAAAGAAAGAAAGAAAGAAAGAAAGAAAGAAAGAAAGAAAGAAAGAAAGAAAGAAAGAAAGAAAAGAAAGAAAGAAAGAAAGAAAGAAAGAAAGGAAGAAAAGAGAATAGAAAAGAAGAGAAGAGAAAAGAGAAAAGAAAAAAGAAAAGAAA
DXS10135,35,35f,AAGAAAGAAAGAGAAAGGAAAGAAAGAAAGAAAGAAAGAAAGAAAGAAAGAAAGAAAGAAAGAAAGAAAGAAAGAAAGAAAGAAAGAAAGAAAGAAAGAAAGAAAGAAAGAAAGAAAGAAAGGAAGAAAGAAAGAAAGGAAGAAAAGAGAATAGAAAAGAAGAGAAGAGAAAAGAGAAAAGAAAAAAGAAAAGAAA
DXS10135,35,35v,AAGAAAGAAAGAGAAAGGAAAGAAAGAAAGAAAGAAAGAAAGAAAGAAAGAAAGAAAGAAAGAAAGAAAGAAAGAAAGAAAGAAAGGAAGGAAGGAAGGAAGGAAGGAAGGAAGGAAGGAAGGAAGGAAGGAAGGAAGGAAGAAAAGAGAATAGAAAAGAAGAGAAGAGAAAAGAGAAAAGAAAAAAGAAAAGAAA
DXS10135,35.2,35.2u,AAGAAAGAAAGAGAAAGGAAAGAAAGAAAGAAAGAAAGAAAGAAAGAAAGAAAGAAAGAAAGAAAGAAAGAAAGAAAGAAAGAGAAAGAAAGAAAGAAAGAAAGAAAGAAAGAAAGAAAGAAAGAAAGAAAGAAAGAAAGAAAGAAAAGAGAATAGAAAAGAAGAGAAGAGAAAAGAGAAAAGAAAAAAGAAAAGAAA
DXS10135,36,36f,AAGAAAGAAAGAGAAAGGAAAGAAAGAAAGAAAGAAAGAAAGAAAGAAAGAAAGAAAGAAAGAAAGAAAGAAAGAAAGAAAGAAAGAAAGAAAGAAAGAAAGAAAGAAAGAAAGAAAGAAAGAAAGGAAGAAAGAAAGAAAGGAAGAAAAGAGAATAGAAAAGAAGAGAAGAGAAAAGAGAAAAGAAAAAAGAAAAGAAA
DXS10135,36,36w,AAGAAAGAAAGAGAAAGGAAAGAAAGAAAGAAAGAAAGAAAGAAAGAAAGAAAGAAAGAAAGAAAGAAAGAAAGAAAGAAAGGAAGGAAGGAAGGAAGGAAGGAAGGAAGGAAGGAAGGAAGGAAGGAAGGAAGGAAGGAAGGAAGAAAAGAGAATAGAAAAGAAGAGAAGAGAAAAGAGAAAAGAAAAAAGAAAAGAAA
DXS10135,36.2,36.2s,AAGAAAGAAAGAGAAAGGAAAGAAAGAAAGAAAGAAAGAAAGAAAGAAAGAAAGAAAGAAAGAAAGAAAGAAAGAAAGAAAGAAAGAAAGAAAGAGAAAGAAAGAAAGAAAGAAAGAAAGAAAGAAAGAAAGAAAGAAAGAAAGAAAGAAAAGAGAATAGAAAAGAAGAGAAGAGAAAAGAGAAAAGAAAAAAGAAAAGAAA
DXS10135,36.2,36.2t,AAGAAAGAAAGAGAAAGGAAAGAAAGAAAGAAAGAAAGAAAGAAAGAAAGAAAGAAAGAAAGAAAGAAAGAAAGAAAGAAAGAAAGAAAGAGAAAGAAAGAAAGAAAGAAAGAAAGAAAGAAAGAAAGAAAGAAAGAAAGAAAGAAAGAAAAGAGAATAGAAAAGAAGAGAAGAGAAAAGAGAAAAGAAAAAAGAAAAGAAA
DXS10135,37.2,37.2r,AAGAAAGAAAGAGAAAGGAAAGAAAGAAAGAAAGAAAGAAAGAAAGAAAGAAAGAAAGAAAGAAAGAAAGAAAGAAAGAAAGAAAGAAAGAAAGAAAGAAAGAGAAAGAAAGAAAGAAAGAAAGAAAGAAAGAAAGAAAGAAAGAAAGAAAGAAAAGAGAATAGAAAAGAAGAGAAGAGAAAAGAGAAAAGAAAAAAGAAAAGAAA
DXS10135,38,38n,AAGAAAGAAAGAGAAAGGAAAGAAAGAAAGAAAGAAAGAAAGAAAGAAAGAAAGAAAGAAAGAAAGAAAGAAAGAAAGAAAGAAAGAAAGAAAGAAAGAAAGAAAGAAAGAAAGAAAGAAAGAAAGAAAGGAAGGAAGAAAGAAAGAAAGGAAGAAAAGAGAATAGAAAAGAAGAGAAGAGAAAAGAGAAAAGAAAAAAGAAAAGAAA
DXS7132,11,11a,TAGATAGATAGATAGATAGATAGATAGATAGATAGATAGATAGA
DXS7132,12,12a,TAGATAGATAGATAGATAGATAGATAGATAGATAGATAGATAGATAGA
DXS7132,13,13a,TAGATAGATAGATAGATAGATAGATAGATAGATAGATAGATAGATAGATAGA
DXS7132,14,14a,TAGATAGATAGATAGATAGATAGATAGATAGATAGATAGATAGATAGATAGATAGA
DXS7132,14.2,14.2b,TAGATAGATAGATAGATAGATAGATAGATAGATAGATAGATAGATAGATAGAGATAGA
DXS7132,15,15a,TAGATAGATAGATAGATAGATAGATAGATAGATAGATAGATAGATAGATAGATAGATAGA
DXS7132,15,15c,TAGATAGATAGATAGATAGATAGATAGATAGATAGATAGATAGATAGATAGATAGACAGA
DXS7132,15.3,15.3d,TAGATAGATGATAGATAGATAGATAGATAGATAGATAGATAGATAGATAGATAGATAGATAGA
DXS7132,16,16a,TAGATAGATAGATAGATAGATAGATAGATAGATAGATAGATAGATAGATAGATAGATAGATAGA
DXS7132,16,16e,TAGATAGATAGATAGATAGATAGACAGATAGATAGATAGATAGATAGATAGATAGATAGATAGA
DXS7132,17,17a,TAGATAGATAGATAGATAGATAGATAGATAGATAGATAGATAGATAGATAGATAGATAGATAGATAGA
DXS7423,8,8b,TCCATCCATCCATCCATCCATCCATCCATCCATCCATCCA
DXS7423,12,12a,TCCATCCATCCATCTGTCCTTCCATCCATCCATCCATCCATCCATCCATCCATCCA
DXS7423,13,13a,TCCATCCATCCATCTGTCCTTCCATCCATCCATCCATCCATCCATCCATCCATCCATCCA
DXS7423,14,14a,TCCATCCATCCATCTGTCCTTCCATCCATCCATCCATCCATCCATCCATCCATCCATCCATCCA
DXS7423,15,15a,TCCATCCATCCATCTGTCCTTCCATCCATCCATCCATCCATCCATCCATCCATCCATCCATCCATCCA
DXS7423,15,15c,TCCATCCATCCATCTGTCCTTCCATCCATTCATCCATCCATCCATCCATCCATCCATCCATCCATCCA
DXS7423,16,16a,TCCATCCATCCATCTGTCCTTCCATCCATCCATCCATCCATCCATCCATCCATCCATCCATCCATCCATCCA
DXS7423,17,17a,TCCATCCATCCATCTGTCCTTCCATCCATCCATCCATCCATCCATCCATCCATCCATCCATCCATCCATCCATCCA
DXS7423,18,18a,TCCATCCATCCATCTGTCCTTCCATCCATCCATCCATCCATCCATCCATCCATCCATCCATCCATCCATCCATCCATCCA
DXS8378,8,8a,CTATCTATCTATCTATCTATCTATCTATCTAT
DXS8378,9,9a,CTATCTATCTATCTATCTATCTATCTATCTATCTAT
DXS8378,10,10a,CTATCTATCTATCTATCTATCTATCTATCTATCTATCTAT
DXS8378,10,10c,CTATCTATCTATCTATCTATCTATCTGTCTATCTATCTAT
DXS8378,11,11a,CTATCTATCTATCTATCTATCTATCTATCTATCTATCTATCTAT
DXS8378,12,12a,CTATCTATCTATCTATCTATCTATCTATCTATCTATCTATCTATCTAT
DXS8378,12,12b,CTATCTGTCTATCTATCTATCTATCTATCTATCTATCTATCTATCTAT
DXS8378,13,13a,CTATCTATCTATCTATCTATCTATCTATCTATCTATCTATCTATCTATCTAT
DXS8378,14,14a,CTATCTATCTATCTATCTATCTATCTATCTATCTATCTATCTATCTATCTATCTAT
HPRTB,8,8a,AGATAGATAGATAGATAGATAGATAGATAGAT
HPRTB,9,9a,AGATAGATAGATAGATAGATAGATAGATAGATAGAT
HPRTB,10,10a,AGATAGATAGATAGATAGATAGATAGATAGATAGATAGAT
HPRTB,11,11a,AGATAGATAGATAGATAGATAGATAGATAGATAGATAGATAGAT
HPRTB,12,12a,AGATAGATAGATAGATAGATAGATAGATAGATAGATAGATAGATAGAT
HPRTB,13,13a,AGATAGATAGATAGATAGATAGATAGATAGATAGATAGATAGATAGATAGAT
HPRTB,13,13b,AGATAGATAGATAGATAGATAGATAGATAGATAGATAGATAGATATGGAGAT
HPRTB,14,14a,AGATAGATAGATAGATAGATAGATAGATAGATAGATAGATAGATAGATAGATAGAT
HPRTB,14,14b,AGATAGATAGATAGATAGATAGATAGATAGATAGATAGATAGATAGATATGGAGAT
HPRTB,15,15a,AGATAGATAGATAGATAGATAGATAGATAGATAGATAGATAGATAGATAGATAGATAGAT
HPRTB,16,16a,AGATAGATAGATAGATAGATAGATAGATAGATAGATAGATAGATAGATAGATAGATAGATAGAT
