DYF387S1,33,33c,AAAGAAAGAAAGGTAGGAAGGAAGGAAGGAAGAAAGAAAGGAAGAAAGAAAGGAAGGAAGGAAGGAAGGAAGGAAGGAAGGAAGGAAGAAAGAAAGAAAGAAAGAAAGAAAGAAAGAAAGAAAGAAAGAAAG
DYF387S1,34,34a,AAAGAAAGAAAGGTAGGAAGGAAGGAAGGAAGAAAGAAAGGAAGAAAGAAAGGAAGGAAGGAAGGAAGGAAGGAAGGAAGAAAGAAAGAAAGAAAGAAAGAAAGAAAGAAAGAAAGAAAGAAAGAAAGAAAGAAAG
DYF387S1,34,34b,AAAGAAAGAAAGGTAGGAAGGAAGGAAGGAAGAAAGAAAGGAAGAAAGAAAGGAAGGAAGGAAGGAAGGAAGGAAGGAAGGAAGAAAGAAAGAAAGAAAGAAAGAAAGAAAGAAAGAAAGAAAGAAAGAAAGAAAG
DYF387S1,34,34c,AAAGAAAGAAAGGTAGGAAGGAAGGAAGGAAGAAAGAAAGGAAGAAAGAAAGGAAGGAAGGAAGGAAGGAAGGAAGGAAGGAAGGAAGAAAGAAAGAAAGAAAGAAAGAAAGAAAGAAAGAAAGAAAGAAAGAAAG
DYF387S1,34,34d,AAAGAAAGAAAGGTAGGAAGGAAGGAAGGAAGAAAGAAAGGAAGAAAGAAAGGAAGGAAGGAAGGAAGGAAGGAAGGAAGGAAGGAAGGAAGAAAGAAAGAAAGAAAGAAAGAAAGAAAGAAAGAAAGAAAGAAAG
DYF387S1,35,35a,AAAGAAAGAAAGGTAGGAAGGAAGGAAGGAAGAAAGAAAGGAAGAAAGAAAGGAAGGAAGGAAGGAAGGAAGGAAGGAAGAAAGAAAGAAAGAAAGAAAGAAAGAAAGAAAGAAAGAAAGAAAGAAAGAAAGAAAGAAAG
DYF387S1,35,35b,AAAGAAAGAAAGGTAGGAAGGAAGGAAGGAAGAAAGAAAGGAAGAAAGAAAGGAAGGAAGGAAGGAAGGAAGGAAGGAAGGAAGAAAGAAAGAAAGAAAGAAAGAAAGAAAGAAAGAAAGAAAGAAAGAAAGAAAGAAAG
DYF387S1,35,35c,AAAGAAAGAAAGGTAGGAAGGAAGGAAGGAAGAAAGAAAGGAAGAAAGAAAGGAAGGAAGGAAGGAAGGAAGGAAGGAAGGAAGGAAGAAAGAAAGAAAGAAAGAAAGAAAGAAAGAAAGAAAGAAAGAAAGAAAGAAAG
DYF387S1,35,35d,AAAGAAAGAAAGGTAGGAAGGAAGGAAGGAAGAAAGAAAGGAAGAAAGAAAGGAAGGAAGGAAGGAAGGAAGGAAGGAAGGAAGGAAGGAAGAAAGAAAGAAAGAAAGAAAGAAAGAAAGAAAGAAAGAAAGAAAGAAAG
DYF387S1,35,35h,AAAGAAAGAAAGGTAGGAAGGAAGGAAGAAAGAAAGGAAGAAAGAAAGGAAGGAAGGAAGGAAGGAAGGAAGGAAGGAAGAAAGAAAGAAAGAAAGAAAGAAAGAAAGAAAGAAAGAAAGAAAGAAAGAAAGAAAGAAAG
DYF387S1,35,35i,AAAGAAAGAAAGGTAGGAAGGAAGGAAGGAAGAAAGAAAGGAAGAAAGGAAGGAAGGAAGGAAGGAAGGAAGGAAGGAAGGAAGAAAGAAAGAAAGAAAGAAAGAAAGAAAGAAAGAAAGAAAGAAAGAAAGAAAGAAAG
DYF387S1,36,36a,AAAGAAAGAAAGGTAGGAAGGAAGGAAGGAAGAAAGAAAGGAAGAAAGAAAGGAAGGAAGGAAGGAAGGAAGGAAGGAAGAAAGAAAGAAAGAAAGAAAGAAAGAAAGAAAGAAAGAAAGAAAGAAAGAAAGAAAGAAAGAAAG
DYF387S1,36,36b,AAAGAAAGAAAGGTAGGAAGGAAGGAAGGAAGAAAGAAAGGAAGAAAGAAAGGAAGGAAGGAAGGAAGGAAGGAAGGAAGGAAGAAAGAAAGAAAGAAAGAAAGAAAGAAAGAAAGAAAGAAAGAAAGAAAGAAAGAAAGAAAG
DYF387S1,36,36c,AAAGAAAGAAAGGTAGGAAGGAAGGAAGGAAGAAAGAAAGGAAGAAAGAAAGGAAGGAAGGAAGGAAGGAAGGAAGGAAGGAAGGAAGAAAGAAAGAAAGAAAGAAAGAAAGAAAGAAAGAAAGAAAGAAAGAAAGAAAGAAAG
DYF387S1,36,36d,AAAGAAAGAAAGGTAGGAAGGAAGGAAGGAAGAAAGAAAGGAAGAAAGAAAGGAAGGAAGGAAGGAAGGAAGGAAGGAAGGAAGGAAGGAAGAAAGAAAGAAAGAAAGAAAGAAAGAAAGAAAGAAAGAAAGAAAGAAAGAAAG
DYF387S1,36,36e,AAAGAAAGAAAGGTAGGAAGGAAGGAAGGAAGAAAGAAAGGAAGAAAGAAAGGAAGGAAGGAAGGAAGGAAGGAAGGAAGGAAGGAAGGAAGGAAGAAAGAAAGAAAGAAAGAAAGAAAGAAAGAAAGAAAGAAAGAAAGAAAG
DYF387S1,37,37a,AAAGAAAGAAAGGTAGGAAGGAAGGAAGGAAGAAAGAAAGGAAGAAAGAAAGGAAGGAAGGAAGGAAGGAAGGAAGGAAGAAAGAAAGAAAGAAAGAAAGAAAGAAAGAAAGAAAGAAAGAAAGAAAGAAAGAAAGAAAGAAAGAAAG
DYF387S1,37,37b,AAAGAAAGAAAGGTAGGAAGGAAGGAAGGAAGAAAGAAAGGAAGAAAGAAAGGAAGGAAGGAAGGAAGGAAGGAAGGAAGGAAGAAAGAAAGAAAGAAAGAAAGAAAGAAAGAAAGAAAGAAAGAAAGAAAGAAAGAAAGAAAGAAAG
DYF387S1,37,37c,AAAGAAAGAAAGGTAGGAAGGAAGGAAGGAAGAAAGAAAGGAAGAAAGAAAGGAAGGAAGGAAGGAAGGAAGGAAGGAAGGAAGGAAGAAAGAAAGAAAGAAAGAAAGAAAGAAAGAAAGAAAGAAAGAAAGAAAGAAAGAAAGAAAG
DYF387S1,37,37d,AAAGAAAGAAAGGTAGGAAGGAAGGAAGGAAGAAAGAAAGGAAGAAAGAAAGGAAGGAAGGAAGGAAGGAAGGAAGGAAGGAAGGAAGGAAGAAAGAAAGAAAGAAAGAAAGAAAGAAAGAAAGAAAGAAAGAAAGAAAGAAAGAAAG
DYF387S1,37,37e,AAAGAAAGAAAGGTAGGAAGGAAGGAAGGAAGAAAGAAAGGAAGAAAGAAAGGAAGGAAGGAAGGAAGGAAGGAAGGAAGGAAGGAAGGAAGGAAGAAAGAAAGAAAGAAAGAAAGAAAGAAAGAAAGAAAGAAAGAAAGAAAGAAAG
DYF387S1,37,37f,AAAGAAAGAAAGGTAGGAAGGAAGGAAGGAAGAAAGAAAGGAAGAAAGAAAGGAAGGAAGGAAGGAAGGAAGGAAGGAAGGAAGGAAGGAAGGAAGGAAGAAAGAAAGAAAGAAAGAAAGAAAGAAAGAAAGAAAGAAAGAAAGAAAG
DYF387S1,38,38b,AAAGAAAGAAAGGTAGGAAGGAAGGAAGGAAGAAAGAAAGGAAGAAAGAAAGGAAGGAAGGAAGGAAGGAAGGAAGGAAGGAAGAAAGAAAGAAAGAAAGAAAGAAAGAAAGAAAGAAAGAAAGAAAGAAAGAAAGAAAGAAAGAAAGAAAG
DYF387S1,38,38c,AAAGAAAGAAAGGTAGGAAGGAAGGAAGGAAGAAAGAAAGGAAGAAAGAAAGGAAGGAAGGAAGGAAGGAAGGAAGGAAGGAAGGAAGAAAGAAAGAAAGAAAGAAAGAAAGAAAGAAAGAAAGAAAGAAAGAAAGAAAGAAAGAAAGAAAG
DYF387S1,38,38d,AAAGAAAGAAAGGTAGGAAGGAAGGAAGGAAGAAAGAAAGGAAGAAAGAAAGGAAGGAAGGAAGGAAGGAAGGAAGGAAGGAAGGAAGGAAGAAAGAAAGAAAGAAAGAAAGAAAGAAAGAAAGAAAGAAAGAAAGAAAGAAAGAAAGAAAG
DYF387S1,38,38e,AAAGAAAGAAAGGTAGGAAGGAAGGAAGGAAGAAAGAAAGGAAGAAAGAAAGGAAGGAAGGAAGGAAGGAAGGAAGGAAGGAAGGAAGGAAGGAAGAAAGAAAGAAAGAAAGAAAGAAAGAAAGAAAGAAAGAAAGAAAGAAAGAAAGAAAG
DYF387S1,38,38f,AAAGAAAGAAAGGTAGGAAGGAAGGAAGGAAGAAAGAAAGGAAGAAAGAAAGGAAGGAAGGAAGGAAGGAAGGAAGGAAGGAAGGAAGGAAGGAAGGAAGAAAGAAAGAAAGAAAGAAAGAAAGAAAGAAAGAAAGAAAGAAAGAAAGAAAG
DYF387S1,38,38g,AAAGAAAGAAAGGTAGGAAGGAAGGAAGGAAGAAAGAAAGGAAGAAAGAAAGGAAGGAAGGAAGGAAGGAAGGAAGGAAGGAAGGAAGGAAGGAAGGAAGGAAGAAAGAAAGAAAGAAAGAAAGAAAGAAAGAAAGAAAGAAAGAAAGAAAG
DYF387S1,39,39b,AAAGAAAGAAAGGTAGGAAGGAAGGAAGGAAGAAAGAAAGGAAGAAAGAAAGGAAGGAAGGAAGGAAGGAAGGAAGGAAGGAAGAAAGAAAGAAAGAAAGAAAGAAAGAAAGAAAGAAAGAAAGAAAGAAAGAAAGAAAGAAAGAAAGAAAGAAAG
DYF387S1,39,39c,AAAGAAAGAAAGGTAGGAAGGAAGGAAGGAAGAAAGAAAGGAAGAAAGAAAGGAAGGAAGGAAGGAAGGAAGGAAGGAAGGAAGGAAGAAAGAAAGAAAGAAAGAAAGAAAGAAAGAAAGAAAGAAAGAAAGAAAGAAAGAAAGAAAGAAAGAAAG
DYF387S1,39,39d,AAAGAAAGAAAGGTAGGAAGGAAGGAAGGAAGAAAGAAAGGAAGAAAGAAAGGAAGGAAGGAAGGAAGGAAGGAAGGAAGGAAGGAAGGAAGAAAGAAAGAAAGAAAGAAAGAAAGAAAGAAAGAAAGAAAGAAAGAAAGAAAGAAAGAAAGAAAG
DYF387S1,39,39e,AAAGAAAGAAAGGTAGGAAGGAAGGAAGGAAGAAAGAAAGGAAGAAAGAAAGGAAGGAAGGAAGGAAGGAAGGAAGGAAGGAAGGAAGGAAGGAAGAAAGAAAGAAAGAAAGAAAGAAAGAAAGAAAGAAAGAAAGAAAGAAAGAAAGAAAGAAAG
DYF387S1,39,39f,AAAGAAAGAAAGGTAGGAAGGAAGGAAGGAAGAAAGAAAGGAAGAAAGAAAGGAAGGAAGGAAGGAAGGAAGGAAGGAAGGAAGGAAGGAAGGAAGGAAGAAAGAAAGAAAGAAAGAAAGAAAGAAAGAAAGAAAGAAAGAAAGAAAGAAAGAAAG
DYF387S1,39,39g,AAAGAAAGAAAGGTAGGAAGGAAGGAAGGAAGAAAGAAAGGAAGAAAGAAAGGAAGGAAGGAAGGAAGGAAGGAAGGAAGGAAGGAAGGAAGGAAGGAAGGAAGAAAGAAAGAAAGAAAGAAAGAAAGAAAGAAAGAAAGAAAGAAAGAAAGAAAG
DYF387S1,40,40c,AAAGAAAGAAAGGTAGGAAGGAAGGAAGGAAGAAAGAAAGGAAGAAAGAAAGGAAGGAAGGAAGGAAGGAAGGAAGGAAGGAAGGAAGAAAGAAAGAAAGAAAGAAAGAAAGAAAGAAAGAAAGAAAGAAAGAAAGAAAGAAAGAAAGAAAGAAAGAAAG
DYF387S1,40,40d,AAAGAAAGAAAGGTAGGAAGGAAGGAAGGAAGAAAGAAAGGAAGAAAGAAAGGAAGGAAGGAAGGAAGGAAGGAAGGAAGGAAGGAAGGAAGAAAGAAAGAAAGAAAGAAAGAAAGAAAGAAAGAAAGAAAGAAAGAAAGAAAGAAAGAAAGAAAGAAAG
DYF387S1,40,40e,AAAGAAAGAAAGGTAGGAAGGAAGGAAGGAAGAAAGAAAGGAAGAAAGAAAGGAAGGAAGGAAGGAAGGAAGGAAGGAAGGAAGGAAGGAAGGAAGAAAGAAAGAAAGAAAGAAAGAAAGAAAGAAAGAAAGAAAGAAAGAAAGAAAGAAAGAAAGAAAG
DYF387S1,40,40f,AAAGAAAGAAAGGTAGGAAGGAAGGAAGGAAGAAAGAAAGGAAGAAAGAAAGGAAGGAAGGAAGGAAGGAAGGAAGGAAGGAAGGAAGGAAGGAAGGAAGAAAGAAAGAAAGAAAGAAAGAAAGAAAGAAAGAAAGAAAGAAAGAAAGAAAGAAAGAAAG
DYF387S1,41,41c,AAAGAAAGAAAGGTAGGAAGGAAGGAAGGAAGAAAGAAAGGAAGAAAGAAAGGAAGGAAGGAAGGAAGGAAGGAAGGAAGGAAGGAAGAAAGAAAGAAAGAAAGAAAGAAAGAAAGAAAGAAAGAAAGAAAGAAAGAAAGAAAGAAAGAAAGAAAGAAAGAAAG
DYF387S1,41,41d,AAAGAAAGAAAGGTAGGAAGGAAGGAAGGAAGAAAGAAAGGAAGAAAGAAAGGAAGGAAGGAAGGAAGGAAGGAAGGAAGGAAGGAAGGAAGAAAGAAAGAAAGAAAGAAAGAAAGAAAGAAAGAAAGAAAGAAAGAAAGAAAGAAAGAAAGAAAGAAAGAAAG
DYF387S1,41,41e,AAAGAAAGAAAGGTAGGAAGGAAGGAAGGAAGAAAGAAAGGAAGAAAGAAAGGAAGGAAGGAAGGAAGGAAGGAAGGAAGGAAGGAAGGAAGGAAGAAAGAAAGAAAGAAAGAAAGAAAGAAAGAAAGAAAGAAAGAAAGAAAGAAAGAAAGAAAGAAAGAAAG
DYF387S1,41,41f,AAAGAAAGAAAGGTAGGAAGGAAGGAAGGAAGAAAGAAAGGAAGAAAGAAAGGAAGGAAGGAAGGAAGGAAGGAAGGAAGGAAGGAAGGAAGGAAGGAAGAAAGAAAGAAAGAAAGAAAGAAAGAAAGAAAGAAAGAAAGAAAGAAAGAAAGAAAGAAAGAAAG
DYF387S1,42,42e,AAAGAAAGAAAGGTAGGAAGGAAGGAAGGAAGAAAGAAAGGAAGAAAGAAAGGAAGGAAGGAAGGAAGGAAGGAAGGAAGGAAGGAAGGAAGGAAGAAAGAAAGAAAGAAAGAAAGAAAGAAAGAAAGAAAGAAAGAAAGAAAGAAAGAAAGAAAGAAAGAAAGAAAG
DYF387S1,42.2,42.2j,AAAGAAAGAAAGGTAGGAAGGAAGGAAGGAAGAAAGAAAGGAAGAAAGAAAGGAAGGAAGGAAGGAAGGAAGGAAGGAAGGAAGGAAGGAAGGAAGAAAGAAAGAAAGAAAGAAAGAAAGAAAAAGAAAGAAAGAAAGAAAGAAAGAAAGAAAGAAAGAAAGAAAGAAAG
DYS19,12,12a,TAGATAGATAGATAGGTAGATAGATAGATAGATAGATAGATAGATAGATAGA
DYS19,13,13a,TAGATAGATAGATAGGTAGATAGATAGATAGATAGATAGATAGATAGATAGATAGA
DYS19,14,14a,TAGATAGATAGATAGGTAGATAGATAGATAGATAGATAGATAGATAGATAGATAGATAGA
DYS19,15,15a,TAGATAGATAGATAGGTAGATAGATAGATAGATAGATAGATAGATAGATAGATAGATAGATAGA
DYS19,16,16a,TAGATAGATAGATAGGTAGATAGATAGATAGATAGATAGATAGATAGATAGATAGATAGATAGATAGA
DYS19,17,17a,TAGATAGATAGATAGGTAGATAGATAGATAGATAGATAGATAGATAGATAGATAGATAGATAGATAGATAGA
DYS385a-b,10,10a,AAGGAAGGAAGGAAGGAGAAAGAAAGTAAAAAAGAAAGAAAGAGAAAAAGAGAAAAAGAAAGAAAGAGAAGAAAGAGAAAGAGGAAAGAGAAAGAAAGGAAGGAAGGAAGGAAGGAAGGGAAAGAAAGAAAGAAAGAAAGAAAGAAAGAAAGAAAGAAAGAGAAAAAGAAA
DYS385a-b,11,11a,AAGGAAGGAAGGAAGGAGAAAGAAAGTAAAAAAGAAAGAAAGAGAAAAAGAGAAAAAGAAAGAAAGAGAAGAAAGAGAAAGAGGAAAGAGAAAGAAAGGAAGGAAGGAAGGAAGGAAGGGAAAGAAAGAAAGAAAGAAAGAAAGAAAGAAAGAAAGAAAGAAAGAGAAAAAGAAA
DYS385a-b,11.2,11.2b,AAGGAAGGAAGGAAGGAGAAAGAAAGTAAAAAAGAAAGAAAGAGAAAAAGAGAAAAAGAAAGAAAGAGAAGAAAGAGAAAGAGGAAAGAGAAAGAAAGGAAGGAAGGAAGGAAGGAAGGGAAAGAAAGAAAGAAAGAAAGAAAAAGAAAGAAAGAAAGAAAGAAAGAGAAAAAGAAA
DYS385a-b,11.3,11.3d,AAGGAAGGAAGGAAGGAGAAAGAAAGTAAAAAAGAAAGAAAGAGAAAAAGAGAAAAAGAAAGAAAGAGAAGAAAGAGAAAGAGGAAAGAGAAAGAAAGGAAGGAAGGAAGGAAGGAAGGGAAAGAAAGAAAGAAAGAAGAAAGAAAGAAAGAAAGAAAGAAAGAAAGAGAAAAAGAAA
DYS385a-b,12,12a,AAGGAAGGAAGGAAGGAGAAAGAAAGTAAAAAAGAAAGAAAGAGAAAAAGAGAAAAAGAAAGAAAGAGAAGAAAGAGAAAGAGGAAAGAGAAAGAAAGGAAGGAAGGAAGGAAGGAAGGGAAAGAAAGAAAGAAAGAAAGAAAGAAAGAAAGAAAGAAAGAAAGAAAGAGAAAAAGAAA
DYS385a-b,12,12f,AAGGAAGGAAGGAAGGAGAAAGAAAGTAAAAAAGAAAGAAAGAGAAAAAGAGAAAAAGAAAGAAAGAGAAGAAAGAGAAAGAGGAAAGAGAAAGAAAGGAAGGAAGGAAGGAAGGGAAAGAAAGAAAGAAAGAAAGAAAGAAAGAAAGAAAGAAAGAAAGAAAGAAAGAGAAAAAGAAA
DYS385a-b,13,13a,AAGGAAGGAAGGAAGGAGAAAGAAAGTAAAAAAGAAAGAAAGAGAAAAAGAGAAAAAGAAAGAAAGAGAAGAAAGAGAAAGAGGAAAGAGAAAGAAAGGAAGGAAGGAAGGAAGGAAGGGAAAGAAAGAAAGAAAGAAAGAAAGAAAGAAAGAAAGAAAGAAAGAAAGAAAGAGAAAAAGAAA
DYS385a-b,13,13.2b,AAGGAAGGAAGGAAGGAGAAAGAAAGTAAAAAAGAAAGAAAGAGAAAAAGAGAAAAAGAAAGAAAGAGAAGAAAGAGAAAGAGGAAAGAGAAAGAAAGGAAGGAAGGAAGGAAGGAAGGGAAAGAAAGAAAGAAAGAAAGAAAGAAAGAAAAAGAAAGAAAGAAAGAAAGAAAGAGAAAAAGAAA
DYS385a-b,14,14a,AAGGAAGGAAGGAAGGAGAAAGAAAGTAAAAAAGAAAGAAAGAGAAAAAGAGAAAAAGAAAGAAAGAGAAGAAAGAGAAAGAGGAAAGAGAAAGAAAGGAAGGAAGGAAGGAAGGAAGGGAAAGAAAGAAAGAAAGAAAGAAAGAAAGAAAGAAAGAAAGAAAGAAAGAAAGAAAGAGAAAAAGAAA
DYS385a-b,14,14g,AAGGAAGGAAGGAAGGAGAAAGAAAGTAAAAAAGAAAGAAAGAGAAAAAGAAAGAAAGAGAAGAAAGAGAAAGAGGAAAGAGAAAGAAAGGAAGGAAGGAAGGAAGGAAGGAAGGAAGGAAGGGAAAGAAAGAAAGAAAGAAAGAAAGAAAGAAAGAAAGAAAGAAAGAAAGAAAGAGAAAAAGAAA
DYS385a-b,15,15a,AAGGAAGGAAGGAAGGAGAAAGAAAGTAAAAAAGAAAGAAAGAGAAAAAGAGAAAAAGAAAGAAAGAGAAGAAAGAGAAAGAGGAAAGAGAAAGAAAGGAAGGAAGGAAGGAAGGAAGGGAAAGAAAGAAAGAAAGAAAGAAAGAAAGAAAGAAAGAAAGAAAGAAAGAAAGAAAGAAAGAGAAAAAGAAA
DYS385a-b,15,15e,AAGGAAGGAAGGAAGGAGAAAGAAAGTAAAAAAGAAAGAAAGAGAAAAAGAGAAAAAGAAAGAAAGAGAAGAAAGAGAAAGAGGAAAGAGAAAGAAAGGAAGGAAGGAAGGAAGGAAGGAAGGGAAAGAAAGAAAGAAAGAAAGAAAGAAAGAAAGAAAGAAAGAAAGAAAGAAAGAAAGAGAAAAAGAAA
DYS385a-b,16,16a,AAGGAAGGAAGGAAGGAGAAAGAAAGTAAAAAAGAAAGAAAGAGAAAAAGAGAAAAAGAAAGAAAGAGAAGAAAGAGAAAGAGGAAAGAGAAAGAAAGGAAGGAAGGAAGGAAGGAAGGGAAAGAAAGAAAGAAAGAAAGAAAGAAAGAAAGAAAGAAAGAAAGAAAGAAAGAAAGAAAGAAAGAGAAAAAGAAA
DYS385a-b,16,16c,AAGGAAGGAAGGAAGGAGAAAGAAAGTAAAAAAGAAAGAAAGAGAAAAAGAGAAAAAGAAAGAAAGAGAAGAAAGAGAAAGAGGAAAGAGAAAGAAAGGAAGGAAGGAAGGAAGGAAGGGAAAGAAATAAAGAAAGAAAGAAAGAAAGAAAGAAAGAAAGAAAGAAAGAAAGAAAGAAAGAAAGAGAAAAAGAAA
DYS385a-b,16,16e,AAGGAAGGAAGGAAGGAGAAAGAAAGTAAAAAAGAAAGAAAGAGAAAAAGAGAAAAAGAAAGAAAGAGAAGAAAGAGAAAGAGGAAAGAGAAAGAAAGGAAGGAAGGAAGGAAGGAAGGAAGGGAAAGAAAGAAAGAAAGAAAGAAAGAAAGAAAGAAAGAAAGAAAGAAAGAAAGAAAGAAAGAGAAAAAGAAA
DYS385a-b,17,17a,AAGGAAGGAAGGAAGGAGAAAGAAAGTAAAAAAGAAAGAAAGAGAAAAAGAGAAAAAGAAAGAAAGAGAAGAAAGAGAAAGAGGAAAGAGAAAGAAAGGAAGGAAGGAAGGAAGGAAGGGAAAGAAAGAAAGAAAGAAAGAAAGAAAGAAAGAAAGAAAGAAAGAAAGAAAGAAAGAAAGAAAGAAAGAGAAAAAGAAA
DYS385a-b,17,17c,AAGGAAGGAAGGAAGGAGAAAGAAAGTAAAAAAGAAAGAAAGAGAAAAAGAGAAAAAGAAAGAAAGAGAAGAAAGAGAAAGAGGAAAGAGAAAGAAAGGAAGGAAGGAAGGAAGGAAGGGAAAGAAATAAAGAAAGAAAGAAAGAAAGAAAGAAAGAAAGAAAGAAAGAAAGAAAGAAAGAAAGAAAGAGAAAAAGAAA
DYS385a-b,18,18a,AAGGAAGGAAGGAAGGAGAAAGAAAGTAAAAAAGAAAGAAAGAGAAAAAGAGAAAAAGAAAGAAAGAGAAGAAAGAGAAAGAGGAAAGAGAAAGAAAGGAAGGAAGGAAGGAAGGAAGGGAAAGAAAGAAAGAAAGAAAGAAAGAAAGAAAGAAAGAAAGAAAGAAAGAAAGAAAGAAAGAAAGAAAGAAAGAGAAAAAGAAA
DYS385a-b,18,18h,AAGGAAGGAAGGAAGGAGAAAGAAAGTAAAAAAGAAAGAAAGAGAAAAAGAGAAAAAGAAAGAAAGAGAAGAAAGAGAAAGAGGAAAGAGAAAGAAAGGAAGGAAGGAAGGAAGGAAGGAAGGAAGGGAAAGAAAGAAAGAAAGAAAGAAAGAAAGAAAGAAAGAAAGAAAGAAAGAAAGAAAGAAAGAAAGAGAAAAAGAAA
DYS385a-b,19,19a,AAGGAAGGAAGGAAGGAGAAAGAAAGTAAAAAAGAAAGAAAGAGAAAAAGAGAAAAAGAAAGAAAGAGAAGAAAGAGAAAGAGGAAAGAGAAAGAAAGGAAGGAAGGAAGGAAGGAAGGGAAAGAAAGAAAGAAAGAAAGAAAGAAAGAAAGAAAGAAAGAAAGAAAGAAAGAAAGAAAGAAAGAAAGAAAGAAAGAGAAAAAGAAA
DYS385a-b,20,20a,AAGGAAGGAAGGAAGGAGAAAGAAAGTAAAAAAGAAAGAAAGAGAAAAAGAGAAAAAGAAAGAAAGAGAAGAAAGAGAAAGAGGAAAGAGAAAGAAAGGAAGGAAGGAAGGAAGGAAGGGAAAGAAAGAAAGAAAGAAAGAAAGAAAGAAAGAAAGAAAGAAAGAAAGAAAGAAAGAAAGAAAGAAAGAAAGAAAGAAAGAGAAAAAGAAA
DYS385a-b,21,21a,AAGGAAGGAAGGAAGGAGAAAGAAAGTAAAAAAGAAAGAAAGAGAAAAAGAGAAAAAGAAAGAAAGAGAAGAAAGAGAAAGAGGAAAGAGAAAGAAAGGAAGGAAGGAAGGAAGGAAGGGAAAGAAAGAAAGAAAGAAAGAAAGAAAGAAAGAAAGAAAGAAAGAAAGAAAGAAAGAAAGAAAGAAAGAAAGAAAGAAAGAAAGAGAAAAAGAAA
DYS385a-b,22,22a,AAGGAAGGAAGGAAGGAGAAAGAAAGTAAAAAAGAAAGAAAGAGAAAAAGAGAAAAAGAAAGAAAGAGAAGAAAGAGAAAGAGGAAAGAGAAAGAAAGGAAGGAAGGAAGGAAGGAAGGGAAAGAAAGAAAGAAAGAAAGAAAGAAAGAAAGAAAGAAAGAAAGAAAGAAAGAAAGAAAGAAAGAAAGAAAGAAAGAAAGAAAGAAAGAGAAAAAGAAA
DYS385a-b,22,22i,AAGGAAGGAAGGAAGGAGAAAGAAAGTAAAAAAGAAAGAAAGAGAAAAAGAGAAAAAGAAAGAAAGAGAAGAAAGAGAAAGAGGAAAGAGAAAGAAAGGAAGGAAGGAAGGAAGGAAGGGAAAGAAAGAAAGAAAGAAAGAAAGAAAGAAAGAAAGAAAGAAAGAAAGACAGAAAGAAAGAAAGAAAGAAAGAAAGAAAGAAAGAAAGAGAAAAAGAAA
DYS385a-b,23,23a,AAGGAAGGAAGGAAGGAGAAAGAAAGTAAAAAAGAAAGAAAGAGAAAAAGAGAAAAAGAAAGAAAGAGAAGAAAGAGAAAGAGGAAAGAGAAAGAAAGGAAGGAAGGAAGGAAGGAAGGGAAAGAAAGAAAGAAAGAAAGAAAGAAAGAAAGAAAGAAAGAAAGAAAGAAAGAAAGAAAGAAAGAAAGAAAGAAAGAAAGAAAGAAAGAAAGAGAAAAAGAAA
DYS385a-b,23,23i,AAGGAAGGAAGGAAGGAGAAAGAAAGTAAAAAAGAAAGAAAGAGAAAAAGAGAAAAAGAAAGAAAGAGAAGAAAGAGAAAGAGGAAAGAGAAAGAAAGGAAGGAAGGAAGGAAGGAAGGGAAAGAAAGAAAGAAAGAAAGAAAGAAAGAAAGAAAGAAAGAAAGAAAGACAGAAAGAAAGAAAGAAAGAAAGAAAGAAAGAAAGAAAGAAAGAGAAAAAGAAA
DYS389I,11,11a,TCTGTCTGTCTGTCTATCTATCTATCTATCTATCTATCTATCTA
DYS389I,12,12a,TCTGTCTGTCTGTCTATCTATCTATCTATCTATCTATCTATCTATCTA
DYS389I,13,13a,TCTGTCTGTCTGTCTATCTATCTATCTATCTATCTATCTATCTATCTATCTA
DYS389I,14,14a,TCTGTCTGTCTGTCTATCTATCTATCTATCTATCTATCTATCTATCTATCTATCTA
DYS389I,15,15a,TCTGTCTGTCTGTCTATCTATCTATCTATCTATCTATCTATCTATCTATCTATCTATCTA
DYS389I,16,16a,TCTGTCTGTCTGTCTATCTATCTATCTATCTATCTATCTATCTATCTATCTATCTATCTATCTA
DYS389II,25,25d,TCTGTCTGTCTGTCTGTCTGTCTATCTATCTATCTATCTATCTATCTATCTATCATTATACCTACTTCTGTATCCAACTCTCATCTGTATTATCTATGTATCTGTCTGTCTGTCTATCTATCTATCTATCTATCTATCTATCTATCTA
DYS389II,26,26a,TCTGTCTGTCTGTCTGTCTATCTATCTATCTATCTATCTATCTATCTATCTATCTATCATTATACCTACTTCTGTATCCAACTCTCATCTGTATTATCTATGTATCTGTCTGTCTGTCTATCTATCTATCTATCTATCTATCTATCTATCTA
DYS389II,26,26k,TCTGTCTGTCTGTCTGTCTATCTATCTATCTATCTATCTATCTATCTATCTATCTATCTATCATTATACCTACTTCTGTATCCAACTCTCATCTGTATTATCTATGTATCTGTCTGTCTGTCTATCTATCTATCTATCTATCTATCTATCTA
DYS389II,27,27a,TCTGTCTGTCTGTCTGTCTATCTATCTATCTATCTATCTATCTATCTATCTATCTATCTATCATTATACCTACTTCTGTATCCAACTCTCATCTGTATTATCTATGTATCTGTCTGTCTGTCTATCTATCTATCTATCTATCTATCTATCTATCTA
DYS389II,27,27k,TCTGTCTGTCTGTCTGTCTATCTATCTATCTATCTATCTATCTATCTATCTATCTATCTATCTATCATTATACCTACTTCTGTATCCAACTCTCATCTGTATTATCTATGTATCTGTCTGTCTGTCTATCTATCTATCTATCTATCTATCTATCTA
DYS389II,28,28a,TCTGTCTGTCTGTCTGTCTATCTATCTATCTATCTATCTATCTATCTATCTATCTATCTATCTATCATTATACCTACTTCTGTATCCAACTCTCATCTGTATTATCTATGTATCTGTCTGTCTGTCTATCTATCTATCTATCTATCTATCTATCTATCTA
DYS389II,28,28b,TCTGTCTGTCTGTCTGTCTATCTATCTATCTATCTATCTATCTATCTATCTATCTATCTATCATTATACCTACTTCTGTATCCAACTCTCATCTGTATTATCTATGTATCTGTCTGTCTGTCTATCTATCTATCTATCTATCTATCTATCTATCTATCTA
DYS389II,28,28d,TCTGTCTGTCTGTCTGTCTGTCTATCTATCTATCTATCTATCTATCTATCTATCTATCTATCTATCATTATACCTACTTCTGTATCCAACTCTCATCTGTATTATCTATGTATCTGTCTGTCTGTCTATCTATCTATCTATCTATCTATCTATCTATCTA
DYS389II,28,28k,TCTGTCTGTCTGTCTGTCTATCTATCTATCTATCTATCTATCTATCTATCTATCTATCTATCTATCTATCATTATACCTACTTCTGTATCCAACTCTCATCTGTATTATCTATGTATCTGTCTGTCTGTCTATCTATCTATCTATCTATCTATCTATCTA
DYS389II,28,28e,TCTGTCTGTCTGTCTGTCTGTCTATCTATCTATCTATCTATCTATCTATCTATCTATCTATCATTATACCTACTTCTGTATCCAACTCTCATCTGTATTATCTATGTATCTGTCTGTCTGTCTATCTATCTATCTATCTATCTATCTATCTATCTATCTA
DYS389II,28,28j,TCTGTCTGTCTGTCTGTCTGTCTGTCTATCTATCTATCTATCTATCTATCTATCTATCTATCTATCTATCATTATACCTACTTCTGTATCCAACTCTCATCTGTATTATCTATGTATCTGTCTGTCTGTCTATCTATCTATCTATCTATCTATCTATCTA
DYS389II,29,29a,TCTGTCTGTCTGTCTGTCTATCTATCTATCTATCTATCTATCTATCTATCTATCTATCTATCTATCTATCATTATACCTACTTCTGTATCCAACTCTCATCTGTATTATCTATGTATCTGTCTGTCTGTCTATCTATCTATCTATCTATCTATCTATCTATCTA
DYS389II,29,29b,TCTGTCTGTCTGTCTGTCTATCTATCTATCTATCTATCTATCTATCTATCTATCTATCTATCTATCATTATACCTACTTCTGTATCCAACTCTCATCTGTATTATCTATGTATCTGTCTGTCTGTCTATCTATCTATCTATCTATCTATCTATCTATCTATCTA
DYS389II,29,29c,TCTGTCTGTCTGTCTGTCTATCTATCTATCTATCTATCTATCTATCTATCTATCTATCTATCATTATACCTACTTCTGTATCCAACTCTCATCTGTATTATCTATGTATCTGTCTGTCTGTCTATCTATCTATCTATCTATCTATCTATCTATCTATCTATCTA
DYS389II,29,29d,TCTGTCTGTCTGTCTGTCTGTCTATCTATCTATCTATCTATCTATCTATCTATCTATCTATCTATCTATCATTATACCTACTTCTGTATCCAACTCTCATCTGTATTATCTATGTATCTGTCTGTCTGTCTATCTATCTATCTATCTATCTATCTATCTATCTA
DYS389II,29,29e,TCTGTCTGTCTGTCTGTCTGTCTATCTATCTATCTATCTATCTATCTATCTATCTATCTATCTATCATTATACCTACTTCTGTATCCAACTCTCATCTGTATTATCTATGTATCTGTCTGTCTGTCTATCTATCTATCTATCTATCTATCTATCTATCTATCTA
DYS389II,29,29f,TCTGTCTGTCTGTCTGTCTGTCTATCTATCTATCTATCTATCTATCTATCTATCTATCTATCATTATACCTACTTCTGTATCCAACTCTCATCTGTATTATCTATGTATCTGTCTGTCTGTCTATCTATCTATCTATCTATCTATCTATCTATCTATCTATCTA
DYS389II,29,29g,TCTGTCTGTCTGTCTGTCTGTCTGTCTATCTATCTATCTATCTATCTATCTATCTATCTATCTATCTATCATTATACCTACTTCTGTATCCAACTCTCATCTGTATTATCTATGTATCTGTCTGTCTGTCTATCTATCTATCTATCTATCTATCTATCTATCTA
DYS389II,29,29h,TCTGTCTGTCTGTCTGTCTGTCTGTCTATCTATCTATCTATCTATCTATCTATCTATCTATCTATCATTATACCTACTTCTGTATCCAACTCTCATCTGTATTATCTATGTATCTGTCTGTCTGTCTATCTATCTATCTATCTATCTATCTATCTATCTATCTA
DYS389II,30,30a,TCTGTCTGTCTGTCTGTCTATCTATCTATCTATCTATCTATCTATCTATCTATCTATCTATCTATCTATCTATCATTATACCTACTTCTGTATCCAACTCTCATCTGTATTATCTATGTATCTGTCTGTCTGTCTATCTATCTATCTATCTATCTATCTATCTATCTA
DYS389II,30,30b,TCTGTCTGTCTGTCTGTCTATCTATCTATCTATCTATCTATCTATCTATCTATCTATCTATCTATCTATCATTATACCTACTTCTGTATCCAACTCTCATCTGTATTATCTATGTATCTGTCTGTCTGTCTATCTATCTATCTATCTATCTATCTATCTATCTATCTA
DYS389II,30,30c,TCTGTCTGTCTGTCTGTCTATCTATCTATCTATCTATCTATCTATCTATCTATCTATCTATCTATCATTATACCTACTTCTGTATCCAACTCTCATCTGTATTATCTATGTATCTGTCTGTCTGTCTATCTATCTATCTATCTATCTATCTATCTATCTATCTATCTA
DYS389II,30,30d,TCTGTCTGTCTGTCTGTCTGTCTATCTATCTATCTATCTATCTATCTATCTATCTATCTATCTATCTATCTATCATTATACCTACTTCTGTATCCAACTCTCATCTGTATTATCTATGTATCTGTCTGTCTGTCTATCTATCTATCTATCTATCTATCTATCTATCTA
DYS389II,30,30e,TCTGTCTGTCTGTCTGTCTGTCTATCTATCTATCTATCTATCTATCTATCTATCTATCTATCTATCTATCATTATACCTACTTCTGTATCCAACTCTCATCTGTATTATCTATGTATCTGTCTGTCTGTCTATCTATCTATCTATCTATCTATCTATCTATCTATCTA
DYS389II,30,30f,TCTGTCTGTCTGTCTGTCTGTCTATCTATCTATCTATCTATCTATCTATCTATCTATCTATCTATCATTATACCTACTTCTGTATCCAACTCTCATCTGTATTATCTATGTATCTGTCTGTCTGTCTATCTATCTATCTATCTATCTATCTATCTATCTATCTATCTA
DYS389II,30,30h,TCTGTCTGTCTGTCTGTCTGTCTGTCTATCTATCTATCTATCTATCTATCTATCTATCTATCTATCTATCATTATACCTACTTCTGTATCCAACTCTCATCTGTATTATCTATGTATCTGTCTGTCTGTCTATCTATCTATCTATCTATCTATCTATCTATCTATCTA
DYS389II,30,30i,TCTGTCTGTCTGTCTGTCTGTCTGTCTATCTATCTATCTATCTATCTATCTATCTATCTATCTATCATTATACCTACTTCTGTATCCAACTCTCATCTGTATTATCTATGTATCTGTCTGTCTGTCTATCTATCTATCTATCTATCTATCTATCTATCTATCTATCTA
DYS389II,30,30l,TCTGTCTGTCTGTCTGTCTGTCTATCTATCTATCTATCTATCTATCTATCTATCTATCTATCATTATACCTACTTCTGTATCCAACTCTCATCTGTATTATCTATGTATCTGTCTGTCTGTCTATCTATCTATCTATCTATCTATCTATCTATCTATCTATCTATCTA
DYS389II,30,30m,TGTGTCTGTCTGTCTGTCTGTCTGTCTATCTATCTATCTATCTATCTATCTATCTATCTATCTATCTATCATTATACCTACTTCTGTATCCAACTCTCATCTGTATTATCTATGTATCTGTCTGTCTGTCTATCTATCTATCTATCTATCTATCTATCTATCTATCTA
DYS389II,31,31b,TCTGTCTGTCTGTCTGTCTATCTATCTATCTATCTATCTATCTATCTATCTATCTATCTATCTATCTATCTATCATTATACCTACTTCTGTATCCAACTCTCATCTGTATTATCTATGTATCTGTCTGTCTGTCTATCTATCTATCTATCTATCTATCTATCTATCTATCTA
DYS389II,31,31c,TCTGTCTGTCTGTCTGTCTATCTATCTATCTATCTATCTATCTATCTATCTATCTATCTATCTATCTATCATTATACCTACTTCTGTATCCAACTCTCATCTGTATTATCTATGTATCTGTCTGTCTGTCTATCTATCTATCTATCTATCTATCTATCTATCTATCTATCTA
DYS389II,31,31d,TCTGTCTGTCTGTCTGTCTGTCTATCTATCTATCTATCTATCTATCTATCTATCTATCTATCTATCTATCTATCTATCATTATACCTACTTCTGTATCCAACTCTCATCTGTATTATCTATGTATCTGTCTGTCTGTCTATCTATCTATCTATCTATCTATCTATCTATCTA
DYS389II,31,31e,TCTGTCTGTCTGTCTGTCTGTCTATCTATCTATCTATCTATCTATCTATCTATCTATCTATCTATCTATCTATCATTATACCTACTTCTGTATCCAACTCTCATCTGTATTATCTATGTATCTGTCTGTCTGTCTATCTATCTATCTATCTATCTATCTATCTATCTATCTA
DYS389II,31,31f,TCTGTCTGTCTGTCTGTCTGTCTATCTATCTATCTATCTATCTATCTATCTATCTATCTATCTATCTATCATTATACCTACTTCTGTATCCAACTCTCATCTGTATTATCTATGTATCTGTCTGTCTGTCTATCTATCTATCTATCTATCTATCTATCTATCTATCTATCTA
DYS389II,31,31h,TCTGTCTGTCTGTCTGTCTGTCTGTCTATCTATCTATCTATCTATCTATCTATCTATCTATCTATCTATCTATCATTATACCTACTTCTGTATCCAACTCTCATCTGTATTATCTATGTATCTGTCTGTCTGTCTATCTATCTATCTATCTATCTATCTATCTATCTATCTA
DYS389II,31,31i,TCTGTCTGTCTGTCTGTCTGTCTGTCTATCTATCTATCTATCTATCTATCTATCTATCTATCTATCTATCATTATACCTACTTCTGTATCCAACTCTCATCTGTATTATCTATGTATCTGTCTGTCTGTCTATCTATCTATCTATCTATCTATCTATCTATCTATCTATCTA
DYS389II,32,32c,TCTGTCTGTCTGTCTGTCTATCTATCTATCTATCTATCTATCTATCTATCTATCTATCTATCTATCTATCTATCATTATACCTACTTCTGTATCCAACTCTCATCTGTATTATCTATGTATCTGTCTGTCTGTCTATCTATCTATCTATCTATCTATCTATCTATCTATCTATCTA
DYS389II,32,32e,TCTGTCTGTCTGTCTGTCTGTCTATCTATCTATCTATCTATCTATCTATCTATCTATCTATCTATCTATCTATCTATCATTATACCTACTTCTGTATCCAACTCTCATCTGTATTATCTATGTATCTGTCTGTCTGTCTATCTATCTATCTATCTATCTATCTATCTATCTATCTA
DYS389II,32,32f,TCTGTCTGTCTGTCTGTCTGTCTATCTATCTATCTATCTATCTATCTATCTATCTATCTATCTATCTATCTATCATTATACCTACTTCTGTATCCAACTCTCATCTGTATTATCTATGTATCTGTCTGTCTGTCTATCTATCTATCTATCTATCTATCTATCTATCTATCTATCTA
DYS389II,32,32h,TCTGTCTGTCTGTCTGTCTGTCTGTCTATCTATCTATCTATCTATCTATCTATCTATCTATCTATCTATCTATCTATCATTATACCTACTTCTGTATCCAACTCTCATCTGTATTATCTATGTATCTGTCTGTCTGTCTATCTATCTATCTATCTATCTATCTATCTATCTATCTA
DYS389II,32,32l,TCTGTCTGTCTGTCTGTCTGTCTATCTATCTATCTATCTATCTATCTATCTATCTATCTATCTATCTATCATTATACCTACTTCTGTATCCAACTCTCATCTGTATTATCTATGTATCTGTCTGTCTGTCTATCTATCTATCTATCTATCTATCTATCTATCTATCTATCTATCTA
DYS389II,32,32m,TGTGTCTGTCTGTCTGTCTGTCTGTCTATCTATCTATCTATCTATCTATCTATCTATCTATCTATCTATCATTATACCTACTTCTGTATCCAACTCTCATCTGTATTATCTATGTATCTGTCTGTCTGTCTGTCTGTCTATCTATCTATCTATCTATCTATCTATCTATCTATCTA
DYS389II,32,32n,TCTGTCTGTCTGTCTGTCTGTCTATCTGTCTATCTATCTATCTATCTATCTATCTATCTATCTATCTATCTATCTATCATTATACCTACTTCTGTATCCAACTCTCATCTGTATTATCTATGTATCTGTCTGTCTGTCTATCTATCTATCTATCTATCTATCTATCTATCTATCTA
DYS389II,32,32o,TCTGTCTGTCTGTCTGTCTATCTATCTATCTATCTATCTATCTATCTATCTATCTATCTATCTATCATTATACCTACTTCTGTATCCAACTCTCATCTGTATTATCTATGTATCTGTCTGTCTGTCTATCTATCTATCTATCTATCTATCTATCTATCTATCTATCTATCTATCTA
DYS389II,33,33p,TCTGTCTGTCTGTCTGTCTGTCTGTCTATCTATCTATCTATCTATCTATCTATCTATCTATCTATCTATCTATCATTATACCTACTTCTGTATCCAACTCTCATCTGTATTATCTATGTATCTGTCTGTCTGTCTATCTATCTATCTATCTATCTATCTATCTATCTATCTATCTATCTA
DYS390,20,20d,TCTATCTATCTGTCTGTCTGTCTGTCTGTCTGTCTGTCTATCTATCTATCTATCTATCTATCTATCTATCTGTCTATCTATCTATCTA
DYS390,21,21d,TCTATCTATCTGTCTGTCTGTCTGTCTGTCTGTCTGTCTATCTATCTATCTATCTATCTATCTATCTATCTATCTGTCTATCTATCTATCTA
DYS390,21,21e,TCTATCTATCTGTCTGTCTGTCTGTCTGTCTGTCTGTCTGTCTATCTATCTATCTATCTATCTATCTATCTATCTGTCTATCTATCTATCTA
DYS390,21,21h,TCTATCTATCTGTCTGTCTGTCTGTCTGTCTGTCTGTCTGTCTATCTATCTATCTATCTATCTATCTATCTATCTATCTGTCTATCTATCTA
DYS390,22,22b,TCTATCTATCTGTCTGTCTGTCTGTCTGTCTGTCTGTCTGTCTATCTATCTATCTATCTATCTATCTATCTATCTATCTATCTATCTATCTATCTA
DYS390,22,22c,TCTATCTATCTGTCTGTCTGTCTGTCTGTCTGTCTGTCTGTCTGTCTATCTATCTATCTATCTATCTATCTATCTATCTATCTATCTATCTATCTA
DYS390,22,22d,TCTATCTATCTGTCTGTCTGTCTGTCTGTCTGTCTGTCTATCTATCTATCTATCTATCTATCTATCTATCTATCTATCTGTCTATCTATCTATCTA
DYS390,22,22e,TCTATCTATCTGTCTGTCTGTCTGTCTGTCTGTCTGTCTGTCTATCTATCTATCTATCTATCTATCTATCTATCTATCTGTCTATCTATCTATCTA
DYS390,22,22i,TCTATCTATCTGTCTGTCTGTCTGTCTGTCTGTCTATCTATCTATCTATCTATCTATCTATCTATCTATCTATCTATCTGTCTATCTATCTATCTA
DYS390,23,23b,TCTATCTATCTGTCTGTCTGTCTGTCTGTCTGTCTGTCTGTCTATCTATCTATCTATCTATCTATCTATCTATCTATCTATCTATCTATCTATCTATCTA
DYS390,23,23d,TCTATCTATCTGTCTGTCTGTCTGTCTGTCTGTCTGTCTATCTATCTATCTATCTATCTATCTATCTATCTATCTATCTATCTGTCTATCTATCTATCTA
DYS390,23,23e,TCTATCTATCTGTCTGTCTGTCTGTCTGTCTGTCTGTCTGTCTATCTATCTATCTATCTATCTATCTATCTATCTATCTATCTGTCTATCTATCTATCTA
DYS390,23,23f,TCTATCTATCTGTCTGTCTGTCTGTCTGTCTGTCTGTCTGTCTGTCTATCTATCTATCTATCTATCTATCTATCTATCTATCTGTCTATCTATCTATCTA
DYS390,24,24e,TCTATCTATCTGTCTGTCTGTCTGTCTGTCTGTCTGTCTGTCTATCTATCTATCTATCTATCTATCTATCTATCTATCTATCTATCTGTCTATCTATCTATCTA
DYS390,24,24f,TCTATCTATCTGTCTGTCTGTCTGTCTGTCTGTCTGTCTGTCTGTCTATCTATCTATCTATCTATCTATCTATCTATCTATCTATCTGTCTATCTATCTATCTA
DYS390,25,25e,TCTATCTATCTGTCTGTCTGTCTGTCTGTCTGTCTGTCTGTCTATCTATCTATCTATCTATCTATCTATCTATCTATCTATCTATCTATCTGTCTATCTATCTATCTA
DYS390,25,25f,TCTATCTATCTGTCTGTCTGTCTGTCTGTCTGTCTGTCTGTCTATCTATCTATCTATCTATCTATCTATCTATCTATCTATCTATCTATCTGTCTATCTATCTATCTA
DYS390,25,25g,TCTGTCTATCTGTCTGTCTGTCTGTCTGTCTGTCTGTCTGTCTATCTATCTATCTATCTATCTATCTATCTATCTATCTATCTATCTATCTGTCTATCTATCTATCTA
DYS390,26,26e,TCTATCTATCTGTCTGTCTGTCTGTCTGTCTGTCTGTCTGTCTATCTATCTATCTATCTATCTATCTATCTATCTATCTATCTATCTATCTATCTGTCTATCTATCTATCTA
DYS391,9,9a,TCTGTCTGTCTGTCTATCTATCTATCTATCTATCTATCTATCTATCTATCTG
DYS391,10,10a,TCTGTCTGTCTGTCTATCTATCTATCTATCTATCTATCTATCTATCTATCTATCTG
DYS391,11,11a,TCTGTCTGTCTGTCTATCTATCTATCTATCTATCTATCTATCTATCTATCTATCTATCTG
DYS391,12,12a,TCTGTCTGTCTGTCTATCTATCTATCTATCTATCTATCTATCTATCTATCTATCTATCTATCTG
DYS392,11,11a,TATTATTATTATTATTATTATTATTATTATTAT
DYS392,12,12a,TATTATTATTATTATTATTATTATTATTATTATTAT
DYS392,13,13a,TATTATTATTATTATTATTATTATTATTATTATTATTAT
DYS392,14,14a,TATTATTATTATTATTATTATTATTATTATTATTATTATTAT
DYS392,15,15a,TATTATTATTATTATTATTATTATTATTATTATTATTATTATTAT
DYS437,13,13a,TCTATCTATCTATCTATCTATCTATCTATCTGTCTGTCTATCTATCTATCTA
DYS437,13,13b,TCTATCTATCTATCTATCTATCTATCTATCTATCTGTCTATCTATCTATCTA
DYS437,14,14a,TCTATCTATCTATCTATCTATCTATCTATCTATCTGTCTGTCTATCTATCTATCTA
DYS437,14,14b,TCTATCTATCTATCTATCTATCTATCTATCTATCTATCTGTCTATCTATCTATCTA
DYS437,15,15a,TCTATCTATCTATCTATCTATCTATCTATCTATCTATCTGTCTGTCTATCTATCTATCTA
DYS437,15,15b,TCTATCTATCTATCTATCTATCTATCTATCTATCTATCTATCTGTCTATCTATCTATCTA
DYS437,16,16a,TCTATCTATCTATCTATCTATCTATCTATCTATCTATCTATCTGTCTGTCTATCTATCTATCTA
DYS437,16,16b,TCTATCTATCTATCTATCTATCTATCTATCTATCTATCTATCTATCTGTCTATCTATCTATCTA
DYS437,17,17c,TCTATCTATCTATCTATCTATCTATCTATCTATCTATCTATCTGTCTGTCTGTCTATCTATCTATCTA
DYS438,9,9a,TTTTCTTTTCTTTTCTTTTCTTTTCTTTTCTTTTCTTTTCTTTTC
DYS438,10,10c,TTTTCTTTTATTTTCTTTTCTTTTCTTTTCTTTTCTTTTCTTTTCTTTTC
DYS438,10,10b,TTTTATTTTCTTTTCTTTTCTTTTCTTTTCTTTTCTTTTCTTTTCTTTTC
DYS438,10,10a,TTTTCTTTTCTTTTCTTTTCTTTTCTTTTCTTTTCTTTTCTTTTCTTTTC
DYS438,11,11a,TTTTCTTTTCTTTTCTTTTCTTTTCTTTTCTTTTCTTTTCTTTTCTTTTCTTTTC
DYS438,12,12a,TTTTCTTTTCTTTTCTTTTCTTTTCTTTTCTTTTCTTTTCTTTTCTTTTCTTTTCTTTTC
DYS438,13,13a,TTTTCTTTTCTTTTCTTTTCTTTTCTTTTCTTTTCTTTTCTTTTCTTTTCTTTTCTTTTCTTTTC
DYS438,14,14a,TTTTCTTTTCTTTTCTTTTCTTTTCTTTTCTTTTCTTTTCTTTTCTTTTCTTTTCTTTTCTTTTCTTTTC
DYS439,10,10a,GATAGATATACAGATAGATAGATACATAGGTGGAGACAGATAGATGATAAATAGAAGATAGATAGATAGATAGATAGATAGATAGATAGATAGATA
DYS439,11,11a,GATAGATATACAGATAGATAGATACATAGGTGGAGACAGATAGATGATAAATAGAAGATAGATAGATAGATAGATAGATAGATAGATAGATAGATAGATA
DYS439,12,12a,GATAGATATACAGATAGATAGATACATAGGTGGAGACAGATAGATGATAAATAGAAGATAGATAGATAGATAGATAGATAGATAGATAGATAGATAGATAGATA
DYS439,13,13a,GATAGATATACAGATAGATAGATACATAGGTGGAGACAGATAGATGATAAATAGAAGATAGATAGATAGATAGATAGATAGATAGATAGATAGATAGATAGATAGATA
DYS439,14,14a,GATAGATATACAGATAGATAGATACATAGGTGGAGACAGATAGATGATAAATAGAAGATAGATAGATAGATAGATAGATAGATAGATAGATAGATAGATAGATAGATAGATA
DYS439,15,15a,GATAGATATACAGATAGATAGATACATAGGTGGAGACAGATAGATGATAAATAGAAGATAGATAGATAGATAGATAGATAGATAGATAGATAGATAGATAGATAGATAGATAGATA
DYS448,15,15a,AGAGATAGAGATAGAGATAGAGATAGAGATAGAGATAGAGATAGAGATATAGAGATAGAGAGATAGAGATAGAGATAGATAGATAGAGAAAGAGATAGAGATAGAGATAGAGATAGAGATAGAGATAGAGAT
DYS448,17,17d,AGAGATAGAGATAGAGATAGAGATAGAGATAGAGATAGAGATAGAGATAGAGATAGAGATAGAGATATAGAGATAGAGAGATAGAGATAGAGATAGATAGATAGAGATAGAGATAGAGATAGAGATAGAGATAGAGATAGAGAT
DYS448,17,17e,AGAGATAGAGATAGAGATAGAGATAGAGATAGAGATAGAGATAGAGATAGAGATAGAGATAGAGATATAGAGATAGAGAGATAGAGATAGAGATAGATAGATAGAGAAAGAGATAGAGATAGAGATAGAGATAGAGATAGAGAT
DYS448,18,18a,AGAGATAGAGATAGAGATAGAGATAGAGATAGAGATAGAGATAGAGATAGAGATAGAGATAGAGATATAGAGATAGAGAGATAGAGATAGAGATAGATAGATAGAGAAAGAGATAGAGATAGAGATAGAGATAGAGATAGAGATAGAGAT
DYS448,18,18b,AGAGATAGAGATAGAGATAGAGATAGAGATAGAGATAGAGATAGAGATAGAGATAGAGATATAGAGATAGAGAGATAGAGATAGAGATAGATAGATAGAGAAAGAGATAGAGATAGAGATAGAGATAGAGATAGAGATAGAGATAGAGAT
DYS448,18.2,18.2f,AGAGATAGAGATAGAGATAGAGATAGAGATAGAGATAGAGATAGAGATAGAGATAGAGATATAGAGATAGAGAGATAGAGATAGAGATAGATAGAGAAAGAGATAGAGATAGAGATAGAGATAGAGATAGAGATAGAGATAGAGATAGAGAT
DYS448,19,19a,AGAGATAGAGATAGAGATAGAGATAGAGATAGAGATAGAGATAGAGATAGAGATAGAGATAGAGATAGAGATATAGAGATAGAGAGATAGAGATAGAGATAGATAGATAGAGAAAGAGATAGAGATAGAGATAGAGATAGAGATAGAGATAGAGAT
DYS448,19,19b,AGAGATAGAGATAGAGATAGAGATAGAGATAGAGATAGAGATAGAGATAGAGATAGAGATAGAGATATAGAGATAGAGAGATAGAGATAGAGATAGATAGATAGAGAAAGAGATAGAGATAGAGATAGAGATAGAGATAGAGATAGAGATAGAGAT
DYS448,19,19c,AGAGATAGAGATAGAGATAGAGATAGAGATAGAGATAGAGATAGAGATAGAGATAGAGATATAGAGATAGAGAGATAGAGATAGAGATAGATAGATAGAGAAAGAGATAGAGATAGAGATAGAGATAGAGATAGAGATAGAGATAGAGATAGAGAT
DYS448,20,20a,AGAGATAGAGATAGAGATAGAGATAGAGATAGAGATAGAGATAGAGATAGAGATAGAGATAGAGATAGAGATAGAGATATAGAGATAGAGAGATAGAGATAGAGATAGATAGATAGAGAAAGAGATAGAGATAGAGATAGAGATAGAGATAGAGATAGAGAT
DYS448,20,20b,AGAGATAGAGATAGAGATAGAGATAGAGATAGAGATAGAGATAGAGATAGAGATAGAGATAGAGATAGAGATATAGAGATAGAGAGATAGAGATAGAGATAGATAGATAGAGAAAGAGATAGAGATAGAGATAGAGATAGAGATAGAGATAGAGATAGAGAT
DYS448,20,20c,AGAGATAGAGATAGAGATAGAGATAGAGATAGAGATAGAGATAGAGATAGAGATAGAGATAGAGATATAGAGATAGAGAGATAGAGATAGAGATAGATAGATAGAGAAAGAGATAGAGATAGAGATAGAGATAGAGATAGAGATAGAGATAGAGATAGAGAT
DYS448,21,21b,AGAGATAGAGATAGAGATAGAGATAGAGATAGAGATAGAGATAGAGATAGAGATAGAGATAGAGATAGAGATAGAGATATAGAGATAGAGAGATAGAGATAGAGATAGATAGATAGAGAAAGAGATAGAGATAGAGATAGAGATAGAGATAGAGATAGAGATAGAGAT
DYS448,21,21c,AGAGATAGAGATAGAGATAGAGATAGAGATAGAGATAGAGATAGAGATAGAGATAGAGATAGAGATAGAGATATAGAGATAGAGAGATAGAGATAGAGATAGATAGATAGAGAAAGAGATAGAGATAGAGATAGAGATAGAGATAGAGATAGAGATAGAGATAGAGAT
DYS448,21,21g,AGAGATAGAGATAGAGATAGAGATAGAGATAGAGATAGAGATAGAGATAGAGATAGAGATAGAGATATAGAGATAGAGAGATAGAGATAGAGATAGATAGATAGAGAAAGAGATAGAGATAGAGATAGAGATAGAGATAGAGATAGAGATAGAGATAGAGATAGAGAT
DYS448,22,22b,AGAGATAGAGATAGAGATAGAGATAGAGATAGAGATAGAGATAGAGATAGAGATAGAGATAGAGATAGAGATAGAGATAGAGATATAGAGATAGAGAGATAGAGATAGAGATAGATAGATAGAGAAAGAGATAGAGATAGAGATAGAGATAGAGATAGAGATAGAGATAGAGAT
DYS448,22,22c,AGAGATAGAGATAGAGATAGAGATAGAGATAGAGATAGAGATAGAGATAGAGATAGAGATAGAGATAGAGATAGAGATATAGAGATAGAGAGATAGAGATAGAGATAGATAGATAGAGAAAGAGATAGAGATAGAGATAGAGATAGAGATAGAGATAGAGATAGAGATAGAGAT
DYS448,22,22g,AGAGATAGAGATAGAGATAGAGATAGAGATAGAGATAGAGATAGAGATAGAGATAGAGATAGAGATAGAGATATAGAGATAGAGAGATAGAGATAGAGATAGATAGATAGAGAAAGAGATAGAGATAGAGATAGAGATAGAGATAGAGATAGAGATAGAGATAGAGATAGAGAT
DYS448,23,23g,AGAGATAGAGATAGAGATAGAGATAGAGATAGAGATAGAGATAGAGATAGAGATAGAGATAGAGATAGAGATAGAGATATAGAGATAGAGAGATAGAGATAGAGATAGATAGATAGAGAAAGAGATAGAGATAGAGATAGAGATAGAGATAGAGATAGAGATAGAGATAGAGATAGAGAT
DYS460,8,8a,ATAGATAGATAGATAGATAGATAGATAGATAG
DYS460,9,9a,ATAGATAGATAGATAGATAGATAGATAGATAGATAG
DYS460,10,10a,ATAGATAGATAGATAGATAGATAGATAGATAGATAGATAG
DYS460,11,11a,ATAGATAGATAGATAGATAGATAGATAGATAGATAGATAGATAG
DYS460,12,12a,ATAGATAGATAGATAGATAGATAGATAGATAGATAGATAGATAGATAG
DYS460,13,13a,ATAGATAGATAGATAGATAGATAGATAGATAGATAGATAGATAGATAGATAG
DYS460,14,14a,ATAGATAGATAGATAGATAGATAGATAGATAGATAGATAGATAGATAGATAGATAG
DYS481,18,18a,CTTCTTCTTCTTCTTCTTCTTCTTCTTCTTCTTCTTCTTCTTCTTCTTCTTCTT
DYS481,19,19a,CTTCTTCTTCTTCTTCTTCTTCTTCTTCTTCTTCTTCTTCTTCTTCTTCTTCTTCTT
DYS481,20,20a,CTTCTTCTTCTTCTTCTTCTTCTTCTTCTTCTTCTTCTTCTTCTTCTTCTTCTTCTTCTT
DYS481,21,21a,CTTCTTCTTCTTCTTCTTCTTCTTCTTCTTCTTCTTCTTCTTCTTCTTCTTCTTCTTCTTCTT
DYS481,21,21b,CTGCTTCTTCTTCTTCTTCTTCTTCTTCTTCTTCTTCTTCTTCTTCTTCTTCTTCTTCTTCTT
DYS481,22,22a,CTTCTTCTTCTTCTTCTTCTTCTTCTTCTTCTTCTTCTTCTTCTTCTTCTTCTTCTTCTTCTTCTT
DYS481,22,22b,CTGCTTCTTCTTCTTCTTCTTCTTCTTCTTCTTCTTCTTCTTCTTCTTCTTCTTCTTCTTCTTCTT
DYS481,23,23a,CTTCTTCTTCTTCTTCTTCTTCTTCTTCTTCTTCTTCTTCTTCTTCTTCTTCTTCTTCTTCTTCTTCTT
DYS481,23,23b,CTGCTTCTTCTTCTTCTTCTTCTTCTTCTTCTTCTTCTTCTTCTTCTTCTTCTTCTTCTTCTTCTTCTT
DYS481,24,24a,CTTCTTCTTCTTCTTCTTCTTCTTCTTCTTCTTCTTCTTCTTCTTCTTCTTCTTCTTCTTCTTCTTCTTCTT
DYS481,25,25a,CTTCTTCTTCTTCTTCTTCTTCTTCTTCTTCTTCTTCTTCTTCTTCTTCTTCTTCTTCTTCTTCTTCTTCTTCTT
DYS481,25,25b,CTGCTTCTTCTTCTTCTTCTTCTTCTTCTTCTTCTTCTTCTTCTTCTTCTTCTTCTTCTTCTTCTTCTTCTTCTT
DYS481,26,26a,CTTCTTCTTCTTCTTCTTCTTCTTCTTCTTCTTCTTCTTCTTCTTCTTCTTCTTCTTCTTCTTCTTCTTCTTCTTCTT
DYS481,26,26b,CTGCTTCTTCTTCTTCTTCTTCTTCTTCTTCTTCTTCTTCTTCTTCTTCTTCTTCTTCTTCTTCTTCTTCTTCTTCTT
DYS481,27,27a,CTTCTTCTTCTTCTTCTTCTTCTTCTTCTTCTTCTTCTTCTTCTTCTTCTTCTTCTTCTTCTTCTTCTTCTTCTTCTTCTT
DYS481,28,28a,CTTCTTCTTCTTCTTCTTCTTCTTCTTCTTCTTCTTCTTCTTCTTCTTCTTCTTCTTCTTCTTCTTCTTCTTCTTCTTCTTCTT
DYS481,29,29a,CTTCTTCTTCTTCTTCTTCTTCTTCTTCTTCTTCTTCTTCTTCTTCTTCTTCTTCTTCTTCTTCTTCTTCTTCTTCTTCTTCTTCTT
DYS481,30,30a,CTTCTTCTTCTTCTTCTTCTTCTTCTTCTTCTTCTTCTTCTTCTTCTTCTTCTTCTTCTTCTTCTTCTTCTTCTTCTTCTTCTTCTTCTT
DYS481,31,31a,CTTCTTCTTCTTCTTCTTCTTCTTCTTCTTCTTCTTCTTCTTCTTCTTCTTCTTCTTCTTCTTCTTCTTCTTCTTCTTCTTCTTCTTCTTCTT
DYS481,32,32a,CTTCTTCTTCTTCTTCTTCTTCTTCTTCTTCTTCTTCTTCTTCTTCTTCTTCTTCTTCTTCTTCTTCTTCTTCTTCTTCTTCTTCTTCTTCTTCTT
DYS505,10,10a,TCCTTCCTTCCTTCCTTCCTTCCTTCCTTCCTTCCTTCCT
DYS505,11,11a,TCCTTCCTTCCTTCCTTCCTTCCTTCCTTCCTTCCTTCCTTCCT
DYS505,12,12a,TCCTTCCTTCCTTCCTTCCTTCCTTCCTTCCTTCCTTCCTTCCTTCCT
DYS505,13,13a,TCCTTCCTTCCTTCCTTCCTTCCTTCCTTCCTTCCTTCCTTCCTTCCTTCCT
DYS505,14,14a,TCCTTCCTTCCTTCCTTCCTTCCTTCCTTCCTTCCTTCCTTCCTTCCTTCCTTCCT
DYS505,15,15a,TCCTTCCTTCCTTCCTTCCTTCCTTCCTTCCTTCCTTCCTTCCTTCCTTCCTTCCTTCCT
DYS522,10,10a,ATAGATGATAGATAGATAGATAGATAGATAGATAGATAGATAGATAG
DYS522,11,11a,ATAGATGATAGATAGATAGATAGATAGATAGATAGATAGATAGATAGATAG
DYS522,12,12a,ATAGATGATAGATAGATAGATAGATAGATAGATAGATAGATAGATAGATAGATAG
DYS522,13,13a,ATAGATGATAGATAGATAGATAGATAGATAGATAGATAGATAGATAGATAGATAGATAG
DYS522,14,14a,ATAGATGATAGATAGATAGATAGATAGATAGATAGATAGATAGATAGATAGATAGATAGATAG
DYS533,9,9a,TATCTATCTATCTATCTATCTATCTATCTATCTATC
DYS533,10,10a,TATCTATCTATCTATCTATCTATCTATCTATCTATCTATC
DYS533,11,11a,TATCTATCTATCTATCTATCTATCTATCTATCTATCTATCTATC
DYS533,11,11b,TATCTATCTATCTATCTATCTATCTATCTGTCTATCTATCTATC
DYS533,12,12a,TATCTATCTATCTATCTATCTATCTATCTATCTATCTATCTATCTATC
DYS533,13,13a,TATCTATCTATCTATCTATCTATCTATCTATCTATCTATCTATCTATCTATC
DYS533,14,14a,TATCTATCTATCTATCTATCTATCTATCTATCTATCTATCTATCTATCTATCTATC
DYS549,9,9a,GATAGATAGATAGATAGATAGATAGATAGATAGATA
DYS549,10,10a,GATAGATAGATAGATAGATAGATAGATAGATAGATAGATA
DYS549,11,11a,GATAGATAGATAGATAGATAGATAGATAGATAGATAGATAGATA
DYS549,12,12a,GATAGATAGATAGATAGATAGATAGATAGATAGATAGATAGATAGATA
DYS549,13,13a,GATAGATAGATAGATAGATAGATAGATAGATAGATAGATAGATAGATAGATA
DYS549,14,14a,GATAGATAGATAGATAGATAGATAGATAGATAGATAGATAGATAGATAGATAGATA
DYS549,15,15a,GATAGATAGATAGATAGATAGATAGATAGATAGATAGATAGATAGATAGATAGATAGATA
DYS570,14,14a,TTTCTTTCTTTCTTTCTTTCTTTCTTTCTTTCTTTCTTTCTTTCTTTCTTTCTTTC
DYS570,15,15a,TTTCTTTCTTTCTTTCTTTCTTTCTTTCTTTCTTTCTTTCTTTCTTTCTTTCTTTCTTTC
DYS570,16,16a,TTTCTTTCTTTCTTTCTTTCTTTCTTTCTTTCTTTCTTTCTTTCTTTCTTTCTTTCTTTCTTTC
DYS570,17,17a,TTTCTTTCTTTCTTTCTTTCTTTCTTTCTTTCTTTCTTTCTTTCTTTCTTTCTTTCTTTCTTTCTTTC
DYS570,18,18a,TTTCTTTCTTTCTTTCTTTCTTTCTTTCTTTCTTTCTTTCTTTCTTTCTTTCTTTCTTTCTTTCTTTCTTTC
DYS570,19,19a,TTTCTTTCTTTCTTTCTTTCTTTCTTTCTTTCTTTCTTTCTTTCTTTCTTTCTTTCTTTCTTTCTTTCTTTCTTTC
DYS570,19,19b,TTCCTTTCTTTCTTTCTTTCTTTCTTTCTTTCTTTCTTTCTTTCTTTCTTTCTTTCTTTCTTTCTTTCTTTCTTTC
DYS570,20,20a,TTTCTTTCTTTCTTTCTTTCTTTCTTTCTTTCTTTCTTTCTTTCTTTCTTTCTTTCTTTCTTTCTTTCTTTCTTTCTTTC
DYS570,20,20b,TTCCTTTCTTTCTTTCTTTCTTTCTTTCTTTCTTTCTTTCTTTCTTTCTTTCTTTCTTTCTTTCTTTCTTTCTTTCTTTC
DYS570,21,21a,TTTCTTTCTTTCTTTCTTTCTTTCTTTCTTTCTTTCTTTCTTTCTTTCTTTCTTTCTTTCTTTCTTTCTTTCTTTCTTTCTTTC
DYS570,21,21b,TTCCTTTCTTTCTTTCTTTCTTTCTTTCTTTCTTTCTTTCTTTCTTTCTTTCTTTCTTTCTTTCTTTCTTTCTTTCTTTCTTTC
DYS570,22,22c,TTTCTTTCTTTCTTTCTTTCTCTCTTTCTTTCTTTCTTTCTTTCTTTCTTTCTTTCTTTCTTTCTTTCTTTCTTTCTTTCTTTCTTTC
DYS570,23,23c,TTTCTTTCTTTCTTTCTTTCTCTCTTTCTTTCTTTCTTTCTTTCTTTCTTTCTTTCTTTCTTTCTTTCTTTCTTTCTTTCTTTCTTTCTTTC
DYS576,13,13a,AAAGAAAGAAAGAAAGAAAGAAAGAAAGAAAGAAAGAAAGAAAGAAAGAAAG
DYS576,14,14a,AAAGAAAGAAAGAAAGAAAGAAAGAAAGAAAGAAAGAAAGAAAGAAAGAAAGAAAG
DYS576,15,15a,AAAGAAAGAAAGAAAGAAAGAAAGAAAGAAAGAAAGAAAGAAAGAAAGAAAGAAAGAAAG
DYS576,16,16a,AAAGAAAGAAAGAAAGAAAGAAAGAAAGAAAGAAAGAAAGAAAGAAAGAAAGAAAGAAAGAAAG
DYS576,17,17a,AAAGAAAGAAAGAAAGAAAGAAAGAAAGAAAGAAAGAAAGAAAGAAAGAAAGAAAGAAAGAAAGAAAG
DYS576,18,18a,AAAGAAAGAAAGAAAGAAAGAAAGAAAGAAAGAAAGAAAGAAAGAAAGAAAGAAAGAAAGAAAGAAAGAAAG
DYS576,19,19a,AAAGAAAGAAAGAAAGAAAGAAAGAAAGAAAGAAAGAAAGAAAGAAAGAAAGAAAGAAAGAAAGAAAGAAAGAAAG
DYS576,20,20a,AAAGAAAGAAAGAAAGAAAGAAAGAAAGAAAGAAAGAAAGAAAGAAAGAAAGAAAGAAAGAAAGAAAGAAAGAAAGAAAG
DYS576,21,21a,AAAGAAAGAAAGAAAGAAAGAAAGAAAGAAAGAAAGAAAGAAAGAAAGAAAGAAAGAAAGAAAGAAAGAAAGAAAGAAAGAAAG
DYS576,22,22a,AAAGAAAGAAAGAAAGAAAGAAAGAAAGAAAGAAAGAAAGAAAGAAAGAAAGAAAGAAAGAAAGAAAGAAAGAAAGAAAGAAAGAAAG
DYS612,25,25a,CCTCCTCCTCCTCCTCTTTCTTCTTCTTCTCCTTCTTCTTCTTCTTCTTCTTCTTCTTCTTCTTCTTCTTCTTCTTCTTCTTCTTCTTCTTCT
DYS612,26,26a,CCTCCTCCTCCTCCTCTTTCTTCTTCTTCTCCTTCTTCTTCTTCTTCTTCTTCTTCTTCTTCTTCTTCTTCTTCTTCTTCTTCTTCTTCTTCTTCT
DYS612,27,27a,CCTCCTCCTCCTCCTCTTTCTTCTTCTTCTCCTTCTTCTTCTTCTTCTTCTTCTTCTTCTTCTTCTTCTTCTTCTTCTTCTTCTTCTTCTTCTTCTTCT
DYS612,27,27b,CCTCCTCCTCCTCCTCTTTCTTCTTCTTTTCCTTCTTCTTCTTCTTCTTCTTCTTCTTCTTCTTCTTCTTCTTCTTCTTCTTCTTCTTCTTCTTCTTCT
DYS612,28,28a,CCTCCTCCTCCTCCTCTTTCTTCTTCTTCTCCTTCTTCTTCTTCTTCTTCTTCTTCTTCTTCTTCTTCTTCTTCTTCTTCTTCTTCTTCTTCTTCTTCTTCT
DYS612,29,29a,CCTCCTCCTCCTCCTCTTTCTTCTTCTTCTCCTTCTTCTTCTTCTTCTTCTTCTTCTTCTTCTTCTTCTTCTTCTTCTTCTTCTTCTTCTTCTTCTTCTTCTTCT
DYS612,29,29b,CCTCCTCCTCCTCCTCTTTCTTCTTCTTTTCCTTCTTCTTCTTCTTCTTCTTCTTCTTCTTCTTCTTCTTCTTCTTCTTCTTCTTCTTCTTCTTCTTCTTCTTCT
DYS612,30,30a,CCTCCTCCTCCTCCTCTTTCTTCTTCTTCTCCTTCTTCTTCTTCTTCTTCTTCTTCTTCTTCTTCTTCTTCTTCTTCTTCTTCTTCTTCTTCTTCTTCTTCTTCTTCT
DYS612,30,30b,CCTCCTCCTCCTCCTCTTTCTTCTTCTTTTCCTTCTTCTTCTTCTTCTTCTTCTTCTTCTTCTTCTTCTTCTTCTTCTTCTTCTTCTTCTTCTTCTTCTTCTTCTTCT
DYS612,31,31a,CCTCCTCCTCCTCCTCTTTCTTCTTCTTCTCCTTCTTCTTCTTCTTCTTCTTCTTCTTCTTCTTCTTCTTCTTCTTCTTCTTCTTCTTCTTCTTCTTCTTCTTCTTCTTCT
DYS612,31,31b,CCTCCTCCTCCTCCTCTTTCTTCTTCTTTTCCTTCTTCTTCTTCTTCTTCTTCTTCTTCTTCTTCTTCTTCTTCTTCTTCTTCTTCTTCTTCTTCTTCTTCTTCTTCTTCT
DYS612,32,32a,CCTCCTCCTCCTCCTCTTTCTTCTTCTTCTCCTTCTTCTTCTTCTTCTTCTTCTTCTTCTTCTTCTTCTTCTTCTTCTTCTTCTTCTTCTTCTTCTTCTTCTTCTTCTTCTTCT
DYS612,33,33a,CCTCCTCCTCCTCCTCTTTCTTCTTCTTCTCCTTCTTCTTCTTCTTCTTCTTCTTCTTCTTCTTCTTCTTCTTCTTCTTCTTCTTCTTCTTCTTCTTCTTCTTCTTCTTCTTCTTCT
DYS612,33,33b,CCTCCTCCTCCTCCTCTTTCTTCTTCTTTTCCTTCTTCTTCTTCTTCTTCTTCTTCTTCTTCTTCTTCTTCTTCTTCTTCTTCTTCTTCTTCTTCTTCTTCTTCTTCTTCTTCTTCT
DYS612,34,34a,CCTCCTCCTCCTCCTCTTTCTTCTTCTTCTCCTTCTTCTTCTTCTTCTTCTTCTTCTTCTTCTTCTTCTTCTTCTTCTTCTTCTTCTTCTTCTTCTTCTTCTTCTTCTTCTTCTTCTTCT
DYS612,34,34c,CCTCCTCCTCCTCCTCTTTCTTCTTCTTCTCCTTCTTCTTCTTCTTCTTCTTCTTCTTCTTCTTCTTCTTCTTCTTCTTCTCCTTCTTCTTCTTCTTCTTCTTCTTCTTCTTCTTCTTCT
DYS612,35,35c,CCTCCTCCTCCTCCTCTTTCTTCTTCTTCTCCTTCTTCTTCTTCTTCTTCTTCTTCTTCTTCTTCTTCTTCTTCTTCTTCTTCTCCTTCTTCTTCTTCTTCTTCTTCTTCTTCTTCTTCTTCT
DYS635,17,17a,TCTATCTATCTATCTATGTATGTATCTATCTATGTATGTATCTATCTATCTATCTATCTATCTATCTA
DYS635,19,19a,TCTATCTATCTATCTATGTATGTATCTATCTATGTATGTATCTATCTATCTATCTATCTATCTATCTATCTATCTA
DYS635,19,19c,TCTATCTATCTATCTATGTATGTATCTATCTATGTATCTATCTATCTATCTATCTATCTATCTATCTATCTATCTA
DYS635,20,20a,TCTATCTATCTATCTATGTATGTATCTATCTATGTATGTATCTATCTATCTATCTATCTATCTATCTATCTATCTATCTA
DYS635,20,20c,TCTATCTATCTATCTATGTATGTATCTATCTATGTATCTATCTATCTATCTATCTATCTATCTATCTATCTATCTATCTA
DYS635,21,21a,TCTATCTATCTATCTATGTATGTATCTATCTATGTATGTATCTATCTATCTATCTATCTATCTATCTATCTATCTATCTATCTA
DYS635,21,21c,TCTATCTATCTATCTATGTATGTATCTATCTATGTATCTATCTATCTATCTATCTATCTATCTATCTATCTATCTATCTATCTA
DYS635,22,22a,TCTATCTATCTATCTATGTATGTATCTATCTATGTATGTATCTATCTATCTATCTATCTATCTATCTATCTATCTATCTATCTATCTA
DYS635,22,22b,TCTATCTATCTATCTATGTATGTATCTATCTATGTATGTATCTATCTATGTATGTATCTATCTATCTATCTATCTATCTATCTATCTA
DYS635,23,23a,TCTATCTATCTATCTATGTATGTATCTATCTATGTATGTATCTATCTATCTATCTATCTATCTATCTATCTATCTATCTATCTATCTATCTA
DYS635,23,23b,TCTATCTATCTATCTATGTATGTATCTATCTATGTATGTATCTATCTATGTATGTATCTATCTATCTATCTATCTATCTATCTATCTATCTA
DYS635,23,23c,TCTATCTATCTATCTATGTATGTATCTATCTATGTATCTATCTATCTATCTATCTATCTATCTATCTATCTATCTATCTATCTATCTATCTA
DYS635,23,23d,TCTATCTATCTATCTATGTATGTATCTATCTATGTATGTATCTATCTATGTATGTATGTATCTATCTATCTATCTATCTATCTATCTATCTA
DYS635,24,24a,TCTATCTATCTATCTATGTATGTATCTATCTATGTATGTATCTATCTATCTATCTATCTATCTATCTATCTATCTATCTATCTATCTATCTATCTA
DYS635,24,24b,TCTATCTATCTATCTATGTATGTATCTATCTATGTATGTATCTATCTATGTATGTATCTATCTATCTATCTATCTATCTATCTATCTATCTATCTA
DYS635,25,25a,TCTATCTATCTATCTATGTATGTATCTATCTATGTATGTATCTATCTATCTATCTATCTATCTATCTATCTATCTATCTATCTATCTATCTATCTATCTA
DYS635,25,25b,TCTATCTATCTATCTATGTATGTATCTATCTATGTATGTATCTATCTATGTATGTATCTATCTATCTATCTATCTATCTATCTATCTATCTATCTATCTA
DYS635,25,25d,TCTATCTATCTATCTATGTATGTATCTATCTATGTATGTATCTATCTATGTATGTATGTATCTATCTATCTATCTATCTATCTATCTATCTATCTATCTA
DYS635,26,26b,TCTATCTATCTATCTATGTATGTATCTATCTATGTATGTATCTATCTATGTATGTATCTATCTATCTATCTATCTATCTATCTATCTATCTATCTATCTATCTA
DYS643,7,7a,CTTTTCTTTTCTTTTCTTTTCTTTTCTTTTCTTTTCTTTT
DYS643,8,8a,CTTTTCTTTTCTTTTCTTTTCTTTTCTTTTCTTTTCTTTTCTTTCTTTT
DYS643,9,9a,CTTTTCTTTTCTTTTCTTTTCTTTTCTTTTCTTTTCTTTTCTTTTCTTTCTTTT
DYS643,10,10a,CTTTTCTTTTCTTTTCTTTTCTTTTCTTTTCTTTTCTTTTCTTTTCTTTTCTTTCTTTT
DYS643,11,11a,CTTTTCTTTTCTTTTCTTTTCTTTTCTTTTCTTTTCTTTTCTTTTCTTTTCTTTTCTTTCTTTT
DYS643,12,12a,CTTTTCTTTTCTTTTCTTTTCTTTTCTTTTCTTTTCTTTTCTTTTCTTTTCTTTTCTTTTCTTTCTTTT
DYS643,13,13a,CTTTTCTTTTCTTTTCTTTTCTTTTCTTTTCTTTTCTTTTCTTTTCTTTTCTTTTCTTTTCTTTTCTTTCTTTT
DYS643,14,14a,CTTTTCTTTTCTTTTCTTTTCTTTTCTTTTCTTTTCTTTTCTTTTCTTTTCTTTTCTTTTCTTTTCTTTTCTTTCTTTT
DYS643,15,15b,CTTTTCTTTTCTTTTCTTTTCTTTTCTTTTCTTTTCTTTTCTTTTCTTTTCTTTTCTTTTCTTTTCTTTTCTTTTCTTTCTTTT
Y-GATA-H4,8,8a,AGATAGATAGATAGATCTATAGATAGATAGGTAGGTAGGTAGATAGATAGATAGATAGATAGATAGATAGAATGGATAGATTAGATGGATGAATAGATAGATAGATAGATACATAGATAG
Y-GATA-H4,9,9a,AGATAGATAGATAGATCTATAGATAGATAGGTAGGTAGGTAGATAGATAGATAGATAGATAGATAGATAGATAGAATGGATAGATTAGATGGATGAATAGATAGATAGATAGATACATAGATAG
Y-GATA-H4,10,10a,AGATAGATAGATAGATCTATAGATAGATAGGTAGGTAGGTAGATAGATAGATAGATAGATAGATAGATAGATAGATAGAATGGATAGATTAGATGGATGAATAGATAGATAGATAGATACATAGATAG
Y-GATA-H4,11,11a,AGATAGATAGATAGATCTATAGATAGATAGGTAGGTAGGTAGATAGATAGATAGATAGATAGATAGATAGATAGATAGATAGAATGGATAGATTAGATGGATGAATAGATAGATAGATAGATACATAGATAG
Y-GATA-H4,12,12a,AGATAGATAGATAGATCTATAGATAGATAGGTAGGTAGGTAGATAGATAGATAGATAGATAGATAGATAGATAGATAGATAGATAGAATGGATAGATTAGATGGATGAATAGATAGATAGATAGATACATAGATAG
Y-GATA-H4,13,13a,AGATAGATAGATAGATCTATAGATAGATAGGTAGGTAGGTAGATAGATAGATAGATAGATAGATAGATAGATAGATAGATAGATAGATAGAATGGATAGATTAGATGGATGAATAGATAGATAGATAGATACATAGATAG
Y-GATA-H4,14,14a,AGATAGATAGATAGATCTATAGATAGATAGGTAGGTAGGTAGATAGATAGATAGATAGATAGATAGATAGATAGATAGATAGATAGATAGATAGAATGGATAGATTAGATGGATGAATAGATAGATAGATAGATACATAGATAG
